id,mean_emergence_mgdmm2y,sd_emergence,mean_emergence_kgdmm2y,sd_emergence_kg,obs_id,log_mean_emergence_mgdmm2y,log_mean_emergence_mgdmm2y_s,empirical_emergence,acsp,aisp,aisp_sd,mass_type,mass_units,eph_sp,ple_sp,tri_sp,chi_sp,other_sp,emerg,site_id,index,lon,lat,notes,stream_width_m,basin_size_km2,figure_table,ele_mean,r_mean,k_mean,bd_mean,cf_mean,ph05_mean,ph15_mean,lit_majority,min_mean,hybas_id,crop,forest_c,forest_o,nodata,shrub_grass,urban,water,tmp_dc_smx,pre_mm_syr,slp_dg_uav,ero_kh_uav,run_mm_syr,ppd_pk_uav,tmp_dc_syr,ele_mt_sav,dis_m3_pyr,for_pc_sse,crp_pc_sse,hft_ix_s93,hft_ix_u93,hft_ix_s09,hft_ix_u09,author,year,author_year,tmp_dc_syr10,pre_cm_syr1000,stream_temp,HYBAS_ID,aisp_mean,log_aisp_mean_s,log_aisp_sd,log_aisp_sd_s,aisp_sd_01,sd_estimate,emerge_1,sd_emergence_1,mean_emergence,acsp_1,stream_temp20,precip_s,log10_precip_s,ele_mt_sav_s,logdis_m3_pyr_s,for_pc_sse_s,crp_pc_sse_s,hft_ix_s93_s,hft_ix_u93_s,hft_ix_s09_s,hft_ix_u09_s,stream_temp_s
1,173.69329639182737,103.30937628505227,1.7369329639182736e-4,1.0330937628505227e-4,1,2.239783057386544,-1.390323088064213,no,3452.4,811,1.011445069720688,DM,mg_m2_y,55.6,NA,NA,728.7,26.7,NA,Al-Zankana_2021_Control_2015,NA,-0.9099790000000001,52.476865,"River Welland, control reach, 2015 sampling. EPT values are combined in paper; entered here in EphSp column. Stream width is the average value of ranges provided (2.7-4.1 m).",3.4,1554,Table 2,104.5941723,374.124363,0.029083215,1.342218673,36.4078125,67.83703704,67.18518519,9,NA,2121109130,77.67,0.16,5.48,0,6.77,9.92,0,168,631,22,834,319,137.5350037,94,115,2.874000072,0,67,251,281,224,258,Al-Zankana (2021),2021,Al-Zankana (2021),9.4,0.631,9.481866525117894,2121109130,NA,NA,NA,NA,NA,from posterior of brm_mean_sd_fi model,0.055540342479803786,0.0033790130477822215,3127.3357101639717,0.014828410669033744,0.47409332625589473,-0.7607669309429269,-0.6676771282363856,-0.8155309031690238,-0.43729870971320806,-1.292474508672022,2.367057624075702,1.5712006695095635,2.2422083654412206,1.3316594708527747,2.0617735095471756,-0.16464558282170066
2,181.2746652628599,107.817441576045,1.8127466526285992e-4,1.07817441576045e-4,2,2.258337111843057,-1.3610839040840754,no,3056.3,846.4,1.0119062798556282,DM,mg_m2_y,76.1,NA,NA,748.3,22,NA,Al-Zankana_2021_Control_2016,NA,-0.9099790000000001,52.476865,"River Welland, control reach, 2016 sampling. EPT values are combined in paper; entered here in EphSp column. Stream width is the average value of ranges provided (2.7-4.1 m).",3.4,1554,Table 2,104.5941723,374.124363,0.029083215,1.342218673,36.4078125,67.83703704,67.18518519,9,NA,2121109130,77.67,0.16,5.48,0,6.77,9.92,0,168,631,22,834,319,137.5350037,94,115,2.874000072,0,67,251,281,224,258,Al-Zankana (2021),2021,Al-Zankana (2021),9.4,0.631,9.481866525117894,2121109130,NA,NA,NA,NA,NA,from posterior of brm_mean_sd_fi model,0.05796456858587637,0.0035264615368379303,3127.3357101639717,0.013127120706687473,0.47409332625589473,-0.7607669309429269,-0.6676771282363856,-0.8155309031690238,-0.43729870971320806,-1.292474508672022,2.367057624075702,1.5712006695095635,2.2422083654412206,1.3316594708527747,2.0617735095471756,-0.16464558282170066
3,765.6540799894267,455.42384964931085,7.656540799894267e-4,4.5542384964931086e-4,3,2.8840326011161106,-0.3750554557319176,no,11234.8,3574.9,1.0522718085779115,DM,mg_m2_y,2315,NA,NA,386.7,873.2,NA,Al-Zankana_2021_Ref_2015,NA,-0.972636,52.473637,"River Welland, reference reach, 2015 sampling. EPT values are combined in paper; entered here in EphSp column. Stream width is the average value of ranges provided (2.7-4.1 m).",3.4,1554,Table 2,121.2453231,381.9605637,0.029109607,1.334861093,38.02083333,66.76923077,66.04895105,12,NA,2121110490,76.49,0.56,5.77,0,10.97,6.22,0,165,644,14,585,336,210.0939941,93,132,2.602999926,0,61,293,293,272,272,Al-Zankana (2021),2021,Al-Zankana (2021),9.3,0.644,9.377696152824678,2121110490,NA,NA,NA,NA,NA,from posterior of brm_mean_sd_fi model,0.24482631573611333,0.014895870883879198,3127.3357101639717,0.04825461365556143,0.46888480764123386,-0.740805692626707,-0.6343676159816386,-0.7933065664274243,-0.4925975710470482,-1.292474508672022,2.0908325287185145,2.0366901287152137,2.390535809163371,1.878413143440719,2.2416481208936396,-0.18288880793943693
4,889.9373690372994,529.3307458701408,8.899373690372995e-4,5.293307458701409e-4,4,2.949359443455464,-0.2721074145650289,no,11562.1,4155.3,1.061150541269221,DM,mg_m2_y,2653.1,NA,NA,418.8,1083.4,NA,Al-Zankana_2021_Ref_2016,NA,-0.972636,52.473637,"River Welland, reference reach, 2016 sampling. EPT values are combined in paper; entered here in EphSp column. Stream width is the average value of ranges provided (2.7-4.1 m).",3.4,1554,Table 2,121.2453231,381.9605637,0.029109607,1.334861093,38.02083333,66.76923077,66.04895105,12,NA,2121110490,76.49,0.56,5.77,0,10.97,6.22,0,165,644,14,585,336,210.0939941,93,132,2.602999926,0,61,293,293,272,272,Al-Zankana (2021),2021,Al-Zankana (2021),9.3,0.644,9.377696152824678,2121110490,NA,NA,NA,NA,NA,from posterior of brm_mean_sd_fi model,0.28456726476309074,0.017313196160940274,3127.3357101639717,0.04966040058986069,0.46888480764123386,-0.740805692626707,-0.6343676159816386,-0.7933065664274243,-0.4925975710470482,-1.292474508672022,2.0908325287185145,2.0366901287152137,2.390535809163371,1.878413143440719,2.2416481208936396,-0.18288880793943693
5,2123.1665726339465,1531.78754628722,0.0021231665726339465,0.0015317875462872203,5,3.326984067994502,0.3229881694328616,no,13987.77777777778,9809.170381798707,3547.6058167116053,DM,mg_m2_y,NA,NA,NA,NA,NA,NA,Anderson_Rosemond_2007_MejillonesBeaverPond,NA,-67.65499999999999,-55.076,Measures beaver impact.,29.6,NA,"Table 3, Appendix 3",332.0220126,635.8678432,NA,1.187583339,21.43333321,57.86754967,58.43046358,12,NA,6120036110,0,28.96,0.17,0,67.74,0,3.13,84,559,96,2505,416,0.180000007,48,189,2.792000055,43,0,0,0,0,0,Anderson and Rosemond (2007),2007,Anderson and Rosemond (2007),4.8,0.559,5.463434567599657,6120036110,9809.170381798707,0.29851251037170623,3.549935358302468,0.40442317814137824,0.06727830718799424,from posterior of brm_prop_insects_beta model,0.6789058704933936,0.05010126177756946,3127.3357101639717,0.06007893443287948,0.2731717283799829,-0.8713214816173753,-0.8655728393758478,-0.7187896726467674,-0.4534710812759637,-0.1992746661968353,-0.7174559407462267,-1.2106530033622984,-1.231125941719136,-1.219857667890966,-1.253058613837661,-0.8683884725462552
6,445.8395281088013,321.7509353443631,4.4583952810880133e-4,3.217509353443631e-4,6,2.6491785703768445,-0.7451600185570945,no,3004.444444444445,2111.8198360624183,763.0908549477269,DM,mg_m2_y,NA,NA,NA,NA,NA,NA,Anderson_Rosemond_2007_MejillonesDownstream,NA,-67.65499999999999,-55.076,Measures beaver impact.,6.6,NA,"Table 3, Appendix 3",332.0220126,635.8678432,NA,1.187583339,21.43333321,57.86754967,58.43046358,12,NA,6120036110,0,28.96,0.17,0,67.74,0,3.13,84,559,96,2505,416,0.180000007,48,189,2.792000055,43,0,0,0,0,0,Anderson and Rosemond (2007),2007,Anderson and Rosemond (2007),4.8,0.559,5.463434567599657,6120036110,2111.8198360624183,-0.9055581610070927,2.8825762489029803,-0.679802108436934,0.01447157987780914,from posterior of brm_prop_insects_beta model,0.14256209420044166,0.010523736061138555,3127.3357101639717,0.012904395798435627,0.2731717283799829,-0.8713214816173753,-0.8655728393758478,-0.7187896726467674,-0.4534710812759637,-0.1992746661968353,-0.7174559407462267,-1.2106530033622984,-1.231125941719136,-1.219857667890966,-1.253058613837661,-0.8683884725462552
7,411.7869030847023,293.7092309285941,4.117869030847023e-4,2.937092309285941e-4,7,2.614672529731029,-0.7995378082328674,no,2728.888888888889,1914.859467974676,695.9232174937872,DM,mg_m2_y,NA,NA,NA,NA,NA,NA,Anderson_Rosemond_2007_MejillonesForested,NA,-67.65499999999999,-55.076,Forested site.,6.6,NA,"Table 3, Appendix 3",332.0220126,635.8678432,NA,1.187583339,21.43333321,57.86754967,58.43046358,12,NA,6120036110,0,28.96,0.17,0,67.74,0,3.13,84,559,96,2505,416,0.180000007,48,189,2.792000055,43,0,0,0,0,0,Anderson and Rosemond (2007),2007,Anderson and Rosemond (2007),4.8,0.559,5.463434567599657,6120036110,1914.859467974676,-0.9823181641054988,2.8425613257337483,-0.7448123719210259,0.01319778420286949,from posterior of brm_prop_insects_beta model,0.13167339270497175,0.009606556144753312,3127.3357101639717,0.011720856538815792,0.2731717283799829,-0.8713214816173753,-0.8655728393758478,-0.7187896726467674,-0.4534710812759637,-0.1992746661968353,-0.7174559407462267,-1.2106530033622984,-1.231125941719136,-1.219857667890966,-1.253058613837661,-0.8683884725462552
8,1258.280862785194,928.3606077597133,0.0012582808627851938,9.283606077597133e-4,8,3.0997775914617263,-0.03506467472533912,no,8366.666666666668,5876.0085831115575,2124.6803882256577,DM,mg_m2_y,NA,NA,NA,NA,NA,NA,Anderson_Rosemond_2007_RobaloBeaverPond,159,-67.65499999999999,-55.076,Measures beaver impact.,29.6,NA,"Table 3, Appendix 3",332.0220126,635.8678432,NA,1.187583339,21.43333321,57.86754967,58.43046358,12,NA,6120036110,0,28.96,0.17,0,67.74,0,3.13,84,559,96,2505,416,0.180000007,48,189,2.792000055,43,0,0,0,0,0,Anderson and Rosemond (2007),2007,Anderson and Rosemond (2007),4.8,0.559,5.463434567599657,6120036110,5876.0085831115575,-0.10325005832511697,3.3272936091771244,0.04270815717322682,0.04029334351691109,from posterior of brm_prop_insects_beta model,0.4023491493720129,0.030364548886749842,3127.3357101639717,0.03593568800377969,0.2731717283799829,-0.8713214816173753,-0.8655728393758478,-0.7187896726467674,-0.4534710812759637,-0.1992746661968353,-0.7174559407462267,-1.2106530033622984,-1.231125941719136,-1.219857667890966,-1.253058613837661,-0.8683884725462552
9,936.1476873804899,660.9318640860132,9.361476873804899e-4,6.609318640860132e-4,9,2.971344368775236,-0.2374615490092803,no,6252.222222222223,4387.594198983976,1588.8974360873056,DM,mg_m2_y,NA,NA,NA,NA,NA,NA,Anderson_Rosemond_2007_RobaloDownstream,160,-67.65499999999999,-55.076,Measures beaver impact.,6.6,NA,"Table 3, Appendix 3",332.0220126,635.8678432,NA,1.187583339,21.43333321,57.86754967,58.43046358,12,NA,6120036110,0,28.96,0.17,0,67.74,0,3.13,84,559,96,2505,416,0.180000007,48,189,2.792000055,43,0,0,0,0,0,Anderson and Rosemond (2007),2007,Anderson and Rosemond (2007),4.8,0.559,5.463434567599657,6120036110,4387.594198983976,-0.33225932518719775,3.2010958642439267,-0.16231906765757578,0.030132527489873672,from posterior of brm_prop_insects_beta model,0.29934352245522305,0.021617567279464817,3127.3357101639717,0.02685393312048716,0.2731717283799829,-0.8713214816173753,-0.8655728393758478,-0.7187896726467674,-0.4534710812759637,-0.1992746661968353,-0.7174559407462267,-1.2106530033622984,-1.231125941719136,-1.219857667890966,-1.253058613837661,-0.8683884725462552
10,376.7452122271063,273.54218474124235,3.7674521222710633e-4,2.7354218474124237e-4,10,2.5760477418982544,-0.86040629820541,no,2514.4444444444443,1764.90818340187,641.3279405799099,DM,mg_m2_y,NA,NA,NA,NA,NA,NA,Anderson_Rosemond_2007_RobaloForested,158,-67.65499999999999,-55.076,Forested site.,6.6,NA,"Table 3, Appendix 3",332.0220126,635.8678432,NA,1.187583339,21.43333321,57.86754967,58.43046358,12,NA,6120036110,0,28.96,0.17,0,67.74,0,3.13,84,559,96,2505,416,0.180000007,48,189,2.792000055,43,0,0,0,0,0,Anderson and Rosemond (2007),2007,Anderson and Rosemond (2007),4.8,0.559,5.463434567599657,6120036110,1764.90818340187,-1.0462514197072332,2.807080161132494,-0.8024568624450908,0.012162416126201336,from posterior of brm_prop_insects_beta model,0.12046842652762497,0.008946938260561827,3127.3357101639717,0.010799795744031,0.2731717283799829,-0.8713214816173753,-0.8655728393758478,-0.7187896726467674,-0.4534710812759637,-0.1992746661968353,-0.7174559407462267,-1.2106530033622984,-1.231125941719136,-1.219857667890966,-1.253058613837661,-0.8683884725462552
11,683.8776153068034,407.41432757627473,6.838776153068034e-4,4.0741432757627474e-4,11,2.8349783886316473,-0.45235959145037763,no,3483,3197.123370691471,148.37669439341047,DM,mg_m2_y,NA,NA,NA,NA,NA,NA,Baekken_EtAl_1976_Ekso_Station1,NA,6.235,60.829,Downstream of weir basin. Other sites in paper are included with the Fjellheim et al. data.,28,NA,Table 2,931.2571332,2081.530061,0.027074519,1.302131283,9.078125,51.91160221,52.3480663,4,NA,2120224160,0,0.94,2.08,0,96.64,0,0.33,97,2566,170,10269,2210,7.967000008,23,856,9.862999916,21,0,52,52,50,50,Fjellheim et al. (1976),1976,Fjellheim et al. (1976),2.3,2.566,3.978553552763506,2120224160,3197.123370691471,-0.5804244749936642,2.171365691433628,-1.835270670458366,0.002813878807480408,from posterior of brm_prop_insects_beta model,0.21867739145630338,0.013325589392149296,3127.3357101639717,0.014959840794880237,0.1989276776381753,2.2103866184328735,1.62363946180335,0.1531887159795161,0.25685118152396524,-0.7585862135097214,-0.7174559407462267,-0.6343327205362553,-0.5883736855898173,-0.6503225922785238,-0.6106492876002895,-1.128433800506292
12,427.12263849945197,255.66047038383164,4.27122638499452e-4,2.5566047038383166e-4,12,2.630552590660803,-0.7745125489705463,no,2176,1998.5361480840381,93.0746642060699,DM,mg_m2_y,NA,NA,NA,NA,NA,NA,Baekken_EtAl_1976_Ekso_Station4,NA,6.242,60.827,Within weir basin. Other sites in paper are included with the Fjellheim et al. data.,28,NA,Table 2,948.2506831,2075.326925,0.027183061,1.309692731,8.856770833,51.91847826,52.33695652,4,NA,2120224160,0,0.89,1.96,0,96.89,0,0.26,97,2566,170,10269,2210,7.967000008,23,856,9.862999916,21,0,52,52,50,50,Fjellheim et al. (1976),1976,Fjellheim et al. (1976),2.3,2.566,3.978553552763506,2120224160,1998.5361480840381,-0.9487850917524213,1.96883147804956,-2.164317974159444,0.0017651075608168193,from posterior of brm_prop_insects_beta model,0.13657716282626312,0.008362068345524425,3127.3357101639717,0.009346142282417282,0.1989276776381753,2.2103866184328735,1.62363946180335,0.1531887159795161,0.25685118152396524,-0.7585862135097214,-0.7174559407462267,-0.6343327205362553,-0.5883736855898173,-0.6503225922785238,-0.6106492876002895,-1.128433800506292
13,2734.0760680797357,1626.2439904772998,0.0027340760680797356,0.0016262439904772997,13,3.436810593438719,0.4960629003974178,no,15660,12766,1.203509831436968,DM,mg_m2_y,54,44,1180,9072,NA,NA,Benke_EtAl_1984_SatillaRiver_Lower,1,-81.86,31.130000000000003,"Applied habitat proportions from the text for snag:sand:mud habitat from pp50. Data are also available for Odonata, Coleoptera, and Oligochaeta. Width data probably an underestimate; likely excludes backwater """"mud"""" habitat. Says basin size """"more than double[s]"""" from upper to lower site.",70,NA,"Tables 4, 5, 6, 7, 8, 9, 10, 12, 13, 14, 15",19.6875,6308.947588,0.011888112,1.426666975,18,48.7047619,49.26666667,5,NA,7120740920,0,83,7.56,0,9.42,0.01,0,274,1306,6,169,339,6.03399992,196,12,1.488999963,100,2,56,56,62,62,Benke et al. (1984),1984,Benke et al. (1984),19.6,1.306,20.622299827373915,7120740920,NA,NA,NA,NA,NA,from posterior of brm_mean_sd_fi model,0.874250902835239,0.05319071569591214,3127.3357101639717,0.06726129969791114,1.0311149913686957,0.27568198163002683,0.5204813473738003,-0.9501842375445968,-0.8022107616711582,1.2498507063865516,-0.6253809089604975,-0.5900003910880981,-0.5389312043491005,-0.5136341741315378,-0.4564710493033204,1.7863643652863315
14,6066.780018139,3608.5594149755234,0.006066780018139,0.0036085594149755235,14,3.782958247681741,1.0415541821238201,no,30489,28327,1.511715641831026,DM,mg_m2_y,36,60,738,22144,NA,NA,Benke_EtAl_1984_SatillaRiver_Upper,2,-82.36,31.279999999999998,"Applied habitat proportions from the text for snag:sand:mud habitat from pp50. Data are also available for Odonata, Coleoptera, and Oligochaeta. Width data probably an underestimate; likely excludes backwater """"mud"""" habitat. Says basin size """"more than double[s]"""" from upper to lower site.",50,NA,"Tables 4, 5, 6, 7, 8, 9, 10, 12, 13, 14, 15",40.91706731,6101.369901,0.010492838,1.426666975,18,50.24761905,50.38095238,5,NA,7120737060,8.2,43.8,31.94,0,11.96,4.08,0.03,274,1265,5,1497,384,17.28800011,192,38,14.46000004,44,47,152,82,165,81,Benke et al. (1984),1984,Benke et al. (1984),19.2,1.265,20.26850113356835,7120737060,NA,NA,NA,NA,NA,from posterior of brm_mean_sd_fi model,1.9399196569852453,0.11802771234680197,3127.3357101639717,0.1309533695076381,1.0134250566784175,0.21272730694041037,0.4683812356312436,-0.9161940754692094,0.47346687358409634,-0.17385141404624957,1.44630730621841,0.4739755156676737,-0.2175550762844412,0.659608081630093,-0.2123555053331192,1.7244040489759684
15,12087.703684536698,7189.844333365009,0.012087703684536698,0.007189844333365008,15,4.082343805256522,1.5133534548618726,no,67360,56440,2.3011108071396835,DM,mg_m2_y,7430,1270,14200,24770,8760,NA,Benke_Wallace_2015_OgeecheeRiver_1982,3,-81.41666700000002,32.15,Per m-2 of river bed for snags plus sediments.,NA,NA,Figure 4,19.71875,5690.193235,0.015041034,1.426666975,18,48.57281553,48.91262136,5,NA,7121150160,0.09,64.82,17.58,0,15.71,1.39,0.41,275,1237,7,373,335,49.65000153,189,23,1.77699995,97,3,123,123,143,143,Benke and Wallace (2015),2015,Benke and Wallace (2015),18.9,1.237,19.994868367751202,7121150160,NA,NA,NA,NA,NA,from posterior of brm_mean_sd_fi model,3.8651762409936214,0.23516333838788836,3127.3357101639717,0.2893180809483585,0.9997434183875601,0.16973387056701378,0.43182100617767205,-0.9358037843588559,-0.7046788649227523,1.1735809499347944,-0.5793433930676328,0.1525661271685343,0.2892303564329062,0.4090126483606184,0.5842320592012215,1.6764830899115253
16,3860.525199832788,2764.6670870118933,0.0038605251998327884,0.0027646670870118935,16,3.586646391685585,0.7321879199730175,no,25798.73,18352.753578037355,6586.045436043133,DM,mg_m2_y,1971.51,522.21,841.82,NA,NA,NA,Beracko_Revajova_2019,NA,19.583028,49.00533300000001,"Karst spring ""Vyvieranie"".",2.5,NA,Table 2,1051.725926,738.0904147,0.029539661,1.349576433,19.01145808,53.98507463,54.07462687,12,0.044976536,2120452680,10.01,72.93,9.47,0,5.94,1.65,0,144,1033,151,1102,483,57.15200043,50,917,22.5170002,61,23,157,121,154,116,Beracko and Revajova (2019),2019,Beracko and Revajova (2019),5,1.033,5.603039235442221,2120452680,18352.753578037355,0.7896704197479535,3.818624722512352,0.8409494783115296,0.12490056981892078,from posterior of brm_prop_insects_beta model,1.2344454058085033,0.09042592740092766,3127.3357101639717,0.11080818073789853,0.28015196177211105,-0.14350402301059,0.1374482381231021,0.23293486546407877,0.7245710672410968,0.25834387251370794,0.34140692478965934,0.5293909274778702,0.26450911581254777,0.5343103649953557,0.23733102303304088,-0.8439396842116037
17,23.56214412643019,14.028857411227616,2.356214412643019e-5,1.4028857411227616e-5,17,1.3722148081824503,-2.7575168576664,no,7310,110,1.0015081549725184,DM,mg_m2_y,0,0,0,11,99,NA,Bright_1982_Outcrop,NA,134.56414600000002,7.375551,Averaged ranges of production estimates.,12,3.5,Table 3,36.96942935,7041.817041,0.019170897,NA,NA,50.33898305,50.71186441,NA,NA,5120054940,0,56.07,2.9,0.64,1.58,1.69,37.12,277,3526,35,15,1209,35.89899826,273,52,16.35400009,63,9,97,91,90,88,Bright (1982),1982,Bright (1982),27.3,3.526,25.048939836650064,5120054940,NA,NA,NA,NA,NA,from posterior of brm_mean_sd_fi model,0.007534254813083302,4.5885179005647746e-4,3127.3357101639717,0.03139719672999556,1.2524469918325032,3.684447294092186,2.1427568405075497,-0.8978916805055392,0.5432216890620885,0.30919037681487943,-0.3031182977104452,-0.13559401424448725,-0.10630949349282835,-0.1946945317885702,-0.12241819965988718,2.5615962131393104
18,4.8285523984830485,2.8901954063654602,4.828552398483049e-6,2.8901954063654603e-6,18,0.6838169486435571,-3.8423574629242427,no,620,22.5,1.0003030189294988,DM,mg_m2_y,7,0,0,11.5,4,NA,Bright_1982_Riffle,NA,134.56414600000002,7.375551,Averaged ranges of production estimates.,NA,3.5,Table 3,36.96942935,7041.817041,0.019170897,NA,NA,50.33898305,50.71186441,NA,NA,5120054940,0,56.07,2.9,0.64,1.58,1.69,37.12,277,3526,35,15,1209,35.89899826,273,52,16.35400009,63,9,97,91,90,88,Bright (1982),1982,Bright (1982),27.3,3.526,25.048939836650064,5120054940,NA,NA,NA,NA,NA,from posterior of brm_mean_sd_fi model,0.0015439827527278416,9.453167117960971e-5,3127.3357101639717,0.00266296333414463,1.2524469918325032,3.684447294092186,2.1427568405075497,-0.8978916805055392,0.5432216890620885,0.30919037681487943,-0.3031182977104452,-0.13559401424448725,-0.10630949349282835,-0.1946945317885702,-0.12241819965988718,2.5615962131393104
19,396.84870527691163,236.0409890627076,3.968487052769116e-4,2.360409890627076e-4,19,2.598624967753636,-0.8248270310380179,no,1853,1853,1.0266389343504905,DM,mg_m2_y,1057,442,98,NA,257,NA,Buffagni_2001,NA,9.453521,45.952369,Alpine river Italy. Used riffle values only as the majority of the habitat.,4,NA,Table 1,1075.667308,2186.390155,0.026487818,1.393298467,14.04861111,59.432,59.728,12,NA,2121178740,2.28,64.04,20.04,0,8.87,4.77,0,196,1136,248,6987,839,140.5480042,99,693,159.6260071,80,2,310,146,308,161,Buffagni (2001),2001,Buffagni (2001),9.9,1.136,10.012001376739795,2121178740,NA,NA,NA,NA,NA,from posterior of brm_mean_sd_fi model,0.1268967396071796,0.007720360053801927,3127.3357101639717,0.007958824287370967,0.5006000688369897,0.01465040364869033,0.29269569650858024,-0.059903453954643124,1.8370456383972062,0.7413856633748369,-0.6253809089604975,2.225102528869882,0.5735246235670278,2.2884783978816774,0.8154994166466752,-0.07180373894623396
20,3955,2644.0321516964186,0.003955,0,20,3.597146487833695,0.7487349363571351,yes,NA,NA,NA,DM,mg_m2_y,NA,NA,NA,NA,NA,3955,Bottger_1975_Kalengo,NA,28.811979000000004,-2.2381270000000004,Small stream in Democratic Republic of the Congo.,NA,NA,Text,1768.991573,6127.202283,0.017348064,1.075423717,81.75463104,52.40659341,52.50549451,2,NA,1121193900,30.51,14.32,41.48,0,11.3,1.95,0.44,176,1592,72,8588,531,160.5039978,172,1708,5.093999863,25,11,79,96,70,79,Bottger (1975),1975,Bottger (1975),17.2,1.592,18.318133474882107,1121193900,NA,NA,NA,NA,NA,from posterior of brm_mean_sd_fi model,1.2646547625654914,0.08648023500487036,3127.3357101639717,NA,0.9159066737441053,0.7148292245868635,0.8439287190260369,1.2670201809114405,-0.11613230998977105,-0.6568932049073786,-0.21104326592471598,-0.3350894967611945,-0.04450639194193234,-0.42250856203354703,-0.23805187838261405,1.3828386357353135
21,8.349778085458546,4.978983675730171,8.349778085458546e-6,4.978983675730171e-6,21,0.9216749332630624,-3.4675189935355157,no,39,39,1.0005261982686706,DM,mg_m2_y,0,11,5,14,9,NA,Carlisle_Clements_2003_HighZinc_Snake,4,-105.86,39.57,High zinc stream.,NA,NA,Table 2,3523.263158,749.3588995,0.020502175,1.311666965,18.5,52.37068966,52.68965517,4,NA,7120550370,0,28.98,9.13,0,61.88,0,0,107,654,172,4257,154,18.80599976,-9,3347,1.376999974,96,0,110,110,123,123,Carlisle and Clements (2003),2003,Carlisle and Clements (2003),-0.9,0.654,2.6870401360243283,7120550370,NA,NA,NA,NA,NA,from posterior of brm_mean_sd_fi model,0.002669933406356541,1.6285115068903177e-4,3127.3357101639717,1.6750898392200092e-4,0.13435200680121642,-0.7254508939219225,-0.6091993117152826,3.409707705586821,-0.8451701934099042,1.1481576977842087,-0.7174559407462267,0.008486056462023517,0.12854229240057652,0.18119861811564159,0.32726832870627287,-1.3546149063761024
22,367.52147281017466,218.62761351331943,3.6752147281017463e-4,2.1862761351331943e-4,22,2.5652827182516096,-0.877370811686413,no,1716,1716,1.0245455178525282,DM,mg_m2_y,1127,228,303,2,56,NA,Carlisle_Clements_2003_IntermediateZinc_Mosquito,5,-106.07,39.27,Intermediate zinc stream.,NA,NA,Table 2,3304.920109,590.1483293,0.022426726,1.311669963,18.49910709,57.87068966,58.59482759,5,1.127713247,7121081370,0,55.12,13.36,0,31.27,0.22,0.02,113,550,119,4607,83,8.593000412,-4,3282,0.660000026,68,3,36,31,51,44,Carlisle and Clements (2003),2003,Carlisle and Clements (2003),-0.4,0.55,2.8508402486968105,7121081370,NA,NA,NA,NA,NA,from posterior of brm_mean_sd_fi model,0.11751903437028346,0.007150808428352534,3127.3357101639717,0.00737039529256804,0.14254201243484052,-0.8851408004516813,-0.8920847210794076,3.3247323003983524,-1.2420607355948932,0.4363066375678081,-0.5793433930676328,-0.811662038328884,-0.8479467121035806,-0.6389318907662751,-0.6877384067487741,-1.3259288004900311
23,489.1624459249324,290.9597183438163,4.891624459249324e-4,2.909597183438163e-4,23,2.68945310790305,-0.6816917014189875,no,2284,2284,1.032988640518512,DM,mg_m2_y,1293,383,321,257,30,NA,Carlisle_Clements_2003_LowZinc_Buckskin,6,-106.07,39.28,Low zinc stream.,NA,NA,Table 2,3332.172953,602.472983,0.022098724,1.311669963,18.49910709,58.12931034,58.81034483,5,1.123912668,7121081370,0,52.53,12.7,0,34.52,0.22,0.02,113,550,119,4607,83,8.593000412,-4,3282,0.660000026,68,3,36,31,51,44,Carlisle and Clements (2003),2003,Carlisle and Clements (2003),-0.4,0.55,2.8508402486968105,7121081370,NA,NA,NA,NA,NA,from posterior of brm_mean_sd_fi model,0.15641507380711767,0.009516625886406086,3127.3357101639717,0.009810013314816669,0.14254201243484052,-0.8851408004516813,-0.8920847210794076,3.3247323003983524,-1.2420607355948932,0.4363066375678081,-0.5793433930676328,-0.811662038328884,-0.8479467121035806,-0.6389318907662751,-0.6877384067487741,-1.3259288004900311
24,956.267861807432,568.7882849639543,9.562678618074321e-4,5.687882849639543e-4,24,2.9805795602787524,-0.22290788559862165,no,4465,4465,1.066038374794207,DM,mg_m2_y,1770,1102,973,469,151,NA,Carlisle_Clements_2003_Reference1_EastFork,7,-106.21000000000001,39.349999999999994,Reference stream 1.,NA,NA,Table 2,3521.829203,713.5283946,0.022391717,1.311666965,18.5,55.20175439,55.62280702,6,1.263332506,7121078540,0,20.91,8.63,0,69.77,0.06,0.63,110,581,138,1551,132,0.150000006,-7,3331,0.603999972,95,1,39,39,48,48,Carlisle and Clements (2003),2003,Carlisle and Clements (2003),-0.7,0.581,2.751060163349935,7121078540,NA,NA,NA,NA,NA,from posterior of brm_mean_sd_fi model,0.30577716958864426,0.018603761879423506,3127.3357101639717,0.01917763110799318,0.13755300816749677,-0.8375409244668494,-0.802521864294939,3.388790682771198,-1.2887721913168633,1.122734445633623,-0.6714184248533621,-0.7784127912427661,-0.749061749622147,-0.6731039953030216,-0.6363456606497844,-1.3434031602256977
25,1112.8236446684975,661.9322836896383,0.0011128236446684976,6.619322836896384e-4,25,3.046426344733776,-0.1191404718673842,no,5196,5196,1.0772792640265882,DM,mg_m2_y,3002,862,526,767,39,NA,Carlisle_Clements_2003_Reference2_FourMile,8,-106.08,39.2,Reference stream 2.,NA,NA,Table 2,3315.871292,596.0973788,0.024690134,1.311763982,18.47083314,58.23275862,58.97413793,5,NA,7120564150,0,60.32,11.95,0,27.71,0,0.02,125,452,57,1721,67,3.382999897,6,3067,0.340000004,39,5,22,22,34,34,Carlisle and Clements (2003),2003,Carlisle and Clements (2003),0.6,0.452,3.217974188385882,7120564150,NA,NA,NA,NA,NA,from posterior of brm_mean_sd_fi model,0.35583760357155586,0.021650288713040984,3127.3357101639717,0.02231735078099274,0.1608987094192941,-1.0356178277585695,-1.2126149253859198,3.0436598063134186,-1.5826944999813075,-0.30096767479917824,-0.48726836128190365,-0.966825191397434,-0.9591922948951934,-0.8325738164745053,-0.8162202719962484,-1.2616330994892073
26,387.49727030928574,230.47961393193532,3.8749727030928574e-4,2.3047961393193533e-4,26,2.588268647503516,-0.84114747215024,no,1868.888888888889,1809.3333333333337,1.0258795376817036,DM,mg_m2_y,0.2444444444444445,572.6666666666666,543,270.41111111111115,NA,NA,Chadwick_Huryn_2005_EBB_Yr1,9,-68.13,44.89,"East Bear Brook, no N addition, first year.",NA,NA,"Results paragraph, first sentence, as well as Table 1.",147.4980469,1745.175206,0.021654334,1.330000043,16,47.325,49.375,9,NA,7121018530,0.22,88.42,5.59,0,0.2,0,5.57,189,1179,27,185,819,0.145999998,56,148,4.638999939,97,2,10,10,10,10,Chadwick and Huryn (2005),2005,Chadwick and Huryn (2005),5.6,1.179,6.041234070784407,7121018530,NA,NA,NA,NA,NA,from posterior of brm_mean_sd_fi model,0.12390651539260829,0.00753846021270096,3127.3357101639717,0.008027068688228079,0.30206170353922035,0.08067603807926367,0.3533815506392892,-0.7723895436118013,-0.16878743919207956,1.1735809499347944,-0.6253809089604975,-1.0998221797419054,-1.1075197386173439,-1.1059506527684775,-1.1245767485901867,-0.7671991787243497
27,513.1462323995047,305.22405281182034,5.131462323995047e-4,3.052240528118204e-4,27,2.710241144593931,-0.648932002949031,no,2523.3333333333335,2396,1.0345120315929017,DM,mg_m2_y,1.5777777777777775,747.3333333333334,693.7777777777778,262.81111111111113,NA,NA,Chadwick_Huryn_2005_EBB_Yr2,10,-68.13,44.89,"East Bear Brook, no N addition, second year.",NA,NA,"Results paragraph, first sentence, as well as Table 1.",147.4980469,1745.175206,0.021654334,1.330000043,16,47.325,49.375,9,NA,7121018530,0.22,88.42,5.59,0,0.2,0,5.57,189,1179,27,185,819,0.145999998,56,148,4.638999939,97,2,10,10,10,10,Chadwick and Huryn (2005),2005,Chadwick and Huryn (2005),5.6,1.179,6.041234070784407,7121018530,NA,NA,NA,NA,NA,from posterior of brm_mean_sd_fi model,0.1640841533998918,0.00998317959158308,3127.3357101639717,0.010837974429825188,0.30206170353922035,0.08067603807926367,0.3533815506392892,-0.7723895436118013,-0.16878743919207956,1.1735809499347944,-0.6253809089604975,-1.0998221797419054,-1.1075197386173439,-1.1059506527684775,-1.1245767485901867,-0.7671991787243497
28,374.54347668539094,222.78001852301696,3.7454347668539094e-4,2.2278001852301697e-4,28,2.57350223749244,-0.8644177379593627,no,1837.7777777777776,1748.777777777778,1.025030490308378,DM,mg_m2_y,0,627,851.3333333333334,268.1888888888889,NA,NA,Chadwick_Huryn_2005_WBB_N_Yr1,11,-68.14,44.879999999999995,"West Bear Brook, with N addition, first year.",NA,NA,"Results paragraph, first sentence, as well as Table 1.",148.4242126,1749.026885,0.021695108,1.330000043,16,47.33057851,49.4214876,3,NA,7121018530,0.2,87.09,5.91,0,0.1,0,6.69,189,1179,27,185,819,0.145999998,56,148,4.638999939,97,2,10,10,10,10,Chadwick and Huryn (2005),2005,Chadwick and Huryn (2005),5.6,1.179,6.041234070784407,7121018530,NA,NA,NA,NA,NA,from posterior of brm_mean_sd_fi model,0.11976439736485885,0.007286624084317096,3127.3357101639717,0.007893443287948419,0.30206170353922035,0.08067603807926367,0.3533815506392892,-0.7723895436118013,-0.16878743919207956,1.1735809499347944,-0.6253809089604975,-1.0998221797419054,-1.1075197386173439,-1.1059506527684775,-1.1245767485901867,-0.7671991787243497
29,504.65152899567886,300.176860763247,5.046515289956789e-4,3.0017686076324706e-4,29,2.702991593418806,-0.6603565118659213,no,2536.666666666667,2356.333333333333,1.0340110771432793,DM,mg_m2_y,0.12222222222222225,783.3333333333334,671.5555555555555,246.8444444444445,NA,NA,Chadwick_Huryn_2005_WBB_N_Yr2,12,-68.14,44.879999999999995,"West Bear Brook, with N addition, second year.",NA,NA,"Results paragraph, first sentence, as well as Table 1.",148.4242126,1749.026885,0.021695108,1.330000043,16,47.33057851,49.4214876,3,NA,7121018530,0.2,87.09,5.91,0,0.1,0,6.69,189,1179,27,185,819,0.145999998,56,148,4.638999939,97,2,10,10,10,10,Chadwick and Huryn (2005),2005,Chadwick and Huryn (2005),5.6,1.179,6.041234070784407,7121018530,NA,NA,NA,NA,NA,from posterior of brm_mean_sd_fi model,0.1613678785285316,0.00981809750126308,3127.3357101639717,0.01089524245851647,0.30206170353922035,0.08067603807926367,0.3533815506392892,-0.7723895436118013,-0.16878743919207956,1.1735809499347944,-0.6253809089604975,-1.0998221797419054,-1.1075197386173439,-1.1059506527684775,-1.1245767485901867,-0.7671991787243497
30,415.0241900174635,247.54266799424022,4.150241900174635e-4,2.475426679942402e-4,30,2.6180734106516885,-0.7941783875646371,no,2222.222222222222,1940.0481977965849,125.82553763510008,DM,mg_m2_y,NA,NA,NA,NA,NA,NA,Chadwick_Huryn_2007_BB,13,-68.11999999999999,44.879999999999995,"Taxa-specific results are given in appendix. But it is not clear if the values are habitat-weighted. Hence, they were not entered here.",NA,NA,"pg244, 3rd paragraph",139.390873,1751.813745,0.021279734,1.330000043,16,47.28099174,49.33884298,9,NA,7121018530,0.22,88.51,5.49,0,0.2,0,5.58,189,1179,27,185,819,0.145999998,56,148,4.638999939,97,2,10,10,10,10,Chawick and Huryn (2007),2007,Chawick and Huryn (2007),5.6,1.179,6.041234070784407,7121018530,1940.0481977965849,-0.9720721504790485,2.099768794753329,-1.951590601853573,0.0023862090690096992,from posterior of brm_prop_insects_beta model,0.13270855081807098,0.008096553624788318,3127.3357101639717,0.00954467144854706,0.30206170353922035,0.08067603807926367,0.3533815506392892,-0.7723895436118013,-0.16878743919207956,1.1735809499347944,-0.6253809089604975,-1.0998221797419054,-1.1075197386173439,-1.1059506527684775,-1.1245767485901867,-0.7671991787243497
31,454.6252314000598,271.49465798709184,4.546252314000598e-4,2.7149465798709184e-4,31,2.65765353511472,-0.731804390342425,no,2433.3333333333335,2122.6080460958406,139.7827500249899,DM,mg_m2_y,NA,NA,NA,NA,NA,NA,Chadwick_Huryn_2007_ED,14,-68.11999999999999,44.879999999999995,"Taxa-specific results are given in appendix. But it is not clear if the values are habitat-weighted. Hence, they were not entered here.",NA,NA,"pg244, 3rd paragraph",139.390873,1751.813745,0.021279734,1.330000043,16,47.28099174,49.33884298,9,NA,7121018530,0.22,88.51,5.49,0,0.2,0,5.58,189,1179,27,185,819,0.145999998,56,148,4.638999939,97,2,10,10,10,10,Chawick and Huryn (2007),2007,Chawick and Huryn (2007),5.6,1.179,6.041234070784407,7121018530,2122.6080460958406,-0.9015632045304658,2.1454535803424832,-1.877368793759516,0.0026508995873958407,from posterior of brm_prop_insects_beta model,0.1453714194873639,0.008879968350697423,3127.3357101639717,0.010451415236159032,0.30206170353922035,0.08067603807926367,0.3533815506392892,-0.7723895436118013,-0.16878743919207956,1.1735809499347944,-0.6253809089604975,-1.0998221797419054,-1.1075197386173439,-1.1059506527684775,-1.1245767485901867,-0.7671991787243497
32,349.3695816242793,210.52905083759444,3.493695816242793e-4,2.1052905083759446e-4,32,2.5432850898060293,-0.9120366959951253,no,1866.6666666666667,1627.879237880411,105.56546573387438,DM,mg_m2_y,NA,NA,NA,NA,NA,NA,Chadwick_Huryn_2007_EU,131,-68.11999999999999,44.879999999999995,"Taxa-specific results are given in appendix. But it is not clear if the values are habitat-weighted. Hence, they were not entered here.",NA,NA,"pg244, 3rd paragraph",139.390873,1751.813745,0.021279734,1.330000043,16,47.28099174,49.33884298,9,NA,7121018530,0.22,88.51,5.49,0,0.2,0,5.58,189,1179,27,185,819,0.145999998,56,148,4.638999939,97,2,10,10,10,10,Chawick and Huryn (2007),2007,Chawick and Huryn (2007),5.6,1.179,6.041234070784407,7121018530,1627.879237880411,-1.1096162733770862,2.0235218680638236,-2.075465206659721,0.002001988439254113,from posterior of brm_prop_insects_beta model,0.11171476745806776,0.006885922994584638,3127.3357101639717,0.00801752401677953,0.30206170353922035,0.08067603807926367,0.3533815506392892,-0.7723895436118013,-0.16878743919207956,1.1735809499347944,-0.6253809089604975,-1.0998221797419054,-1.1075197386173439,-1.1059506527684775,-1.1245767485901867,-0.7671991787243497
33,500.8687215039809,367.23959827558554,5.008687215039809e-4,3.672395982755855e-4,33,2.699723911501119,-0.6655060253053559,no,3211.1111111111113,2332.1401117578416,800.5442582151414,DM,mg_m2_y,NA,NA,NA,NA,NA,NA,Chadwick_Huryn_2007_SWP,15,-68.1,44.879999999999995,"Taxa-specific results are given in appendix. But it is not clear if the values are habitat-weighted. Hence, they were not entered here.",NA,NA,"pg244, 3rd paragraph",138.5649414,1755.643815,0.02142914,1.330000043,16,47.30578512,49.32231405,6,NA,7120423920,0.19,90.27,6.18,0,0.28,0,3.08,190,1210,23,229,857,0.855000019,61,75,9.369999886,96,8,43,26,43,26,Chawick and Huryn (2007),2007,Chawick and Huryn (2007),6.1,1.21,6.428781278034391,7120423920,2332.1401117578416,-0.8277550449461583,2.903385346957735,-0.6459945976319125,0.01518186216407414,from posterior of brm_prop_insects_beta model,0.16015828421494266,0.01201156602486478,3127.3357101639717,0.013792050243150503,0.32143906390171956,0.12827591406409564,0.39577414317883514,-0.8678234602080812,0.22784790937858926,1.1481576977842087,-0.34915581360330983,-0.734080461794609,-0.9097498136544766,-0.7300575028642657,-0.9190057641942279,-0.6993285280780156
34,433.8025137445106,260.0392296319305,4.338025137445106e-4,2.600392296319305e-4,34,2.637292064280772,-0.7638918671370739,no,2322.222222222222,2025.627345690077,131.30144633199404,DM,mg_m2_y,NA,NA,NA,NA,NA,NA,Chadwick_Huryn_2007_WD,16,-68.11999999999999,44.879999999999995,"Taxa-specific results are given in appendix. But it is not clear if the values are habitat-weighted. Hence, they were not entered here.",NA,NA,"pg244, 3rd paragraph",139.390873,1751.813745,0.021279734,1.330000043,16,47.28099174,49.33884298,9,NA,7121018530,0.22,88.51,5.49,0,0.2,0,5.58,189,1179,27,185,819,0.145999998,56,148,4.638999939,97,2,10,10,10,10,Chawick and Huryn (2007),2007,Chawick and Huryn (2007),5.6,1.179,6.041234070784407,7121018530,2025.627345690077,-0.9382286973333317,2.1182695100235573,-1.921533406209961,0.002490056533039548,from posterior of brm_prop_insects_beta model,0.13871312642727618,0.00850528753011807,3127.3357101639717,0.009974181663731678,0.30206170353922035,0.08067603807926367,0.3533815506392892,-0.7723895436118013,-0.16878743919207956,1.1735809499347944,-0.6253809089604975,-1.0998221797419054,-1.1075197386173439,-1.1059506527684775,-1.1245767485901867,-0.7671991787243497
35,342.03027139239333,205.09863940722244,3.420302713923933e-4,2.0509863940722245e-4,35,2.5340645449943935,-0.9265672778028058,no,1833.3333333333337,1596.8722960317477,107.5467415853157,DM,mg_m2_y,NA,NA,NA,NA,NA,NA,Chadwick_Huryn_2007_WU,17,-68.14,44.879999999999995,"Taxa-specific results are given in appendix. But it is not clear if the values are habitat-weighted. Hence, they were not entered here.",NA,NA,"pg244, 3rd paragraph",148.4242126,1749.026885,0.021695108,1.330000043,16,47.33057851,49.4214876,3,NA,7121018530,0.2,87.09,5.91,0,0.1,0,6.69,189,1179,27,185,819,0.145999998,56,148,4.638999939,97,2,10,10,10,10,Chawick and Huryn (2007),2007,Chawick and Huryn (2007),5.6,1.179,6.041234070784407,7121018530,1596.8722960317477,-1.1246938839309655,2.0315972568159575,-2.062345522578549,0.00203956219807746,from posterior of brm_prop_insects_beta model,0.10936794226497036,0.006708306676125577,3127.3357101639717,0.007874353945051326,0.30206170353922035,0.08067603807926367,0.3533815506392892,-0.7723895436118013,-0.16878743919207956,1.1735809499347944,-0.6253809089604975,-1.0998221797419054,-1.1075197386173439,-1.1059506527684775,-1.1245767485901867,-0.7671991787243497
36,689.6136638176206,410.2026565083329,6.896136638176206e-4,4.102026565083329e-4,36,2.8386058578946805,-0.4466430920505988,no,3440.5555555555557,3219.888888888889,1.046933566634197,DM,mg_m2_y,316.77777777777783,24.222222222222225,682.8888888888889,NA,NA,NA,Colon-Gaud_EtAl_2009_ElCope_Site1,167,-80.583,8.667,habitat weighted production (?),3.28,NA,Web Appendix 1.,645.6630435,13465.72473,0.016237592,1.299999952,24,53.76666667,54.01111111,13,NA,7120885510,0.47,85.37,12.93,0,1.23,0,0,260,2765,147,25455,843,27.450000760000002,246,498,2.829999924,19,21,93,93,86,86,Colon-Gaud et al. (2009),2009,Colon-Gaud et al. (2009),24.6,2.765,23.969207506245453,7120885510,NA,NA,NA,NA,NA,from posterior of brm_mean_sd_fi model,0.22051155607514325,0.013416789244299563,3127.3357101639717,0.014777537570212987,1.1984603753122727,2.5159471126580852,1.7456412770726326,-0.31482966952004837,-0.4459193632120056,-0.809432717810893,0.24933189300393013,-0.1799263436926444,-0.08158825287246994,-0.2402573378375656,-0.14811457270938203,2.3725040601898675
37,973.6185065497737,579.134284544903,9.736185065497737e-4,5.791342845449031e-4,37,2.988388820374082,-0.2106013359325492,no,4854.888888888889,4546,1.0670731570863712,DM,mg_m2_y,319.1111111111111,4.666666666666667,602.4444444444446,NA,NA,NA,Colon-Gaud_EtAl_2009_ElCope_Site2,168,-80.583,8.667,NA,3.55,NA,Web Appendix 1.,645.6630435,13465.72473,0.016237592,1.299999952,24,53.76666667,54.01111111,13,NA,7120885510,0.47,85.37,12.93,0,1.23,0,0,260,2765,147,25455,843,27.450000760000002,246,498,2.829999924,19,21,93,93,86,86,Colon-Gaud et al. (2009),2009,Colon-Gaud et al. (2009),24.6,2.765,23.969207506245453,7120885510,NA,NA,NA,NA,NA,from posterior of brm_mean_sd_fi model,0.3113252291352901,0.018942155826163782,3127.3357101639717,0.020852243713640764,1.1984603753122727,2.5159471126580852,1.7456412770726326,-0.31482966952004837,-0.4459193632120056,-0.809432717810893,0.24933189300393013,-0.1799263436926444,-0.08158825287246994,-0.2402573378375656,-0.14811457270938203,2.3725040601898675
38,834.2058837258371,496.1893149233536,8.342058837258372e-4,4.961893149233536e-4,38,2.9212732486369437,-0.3163682212542339,no,4048.666666666667,3895.1111111111113,1.0571740334462052,DM,mg_m2_y,637.8888888888889,184.22222222222223,340.11111111111114,NA,NA,NA,Colon-Gaud_EtAl_2009_Fortuna_Site1,169,-80.233,8.7,NA,3.37,NA,Web Appendix 1.,255.140625,8967.005914,0.01888961,1.179999948,49,52.68888889,52.87777778,13,NA,7120885300,5.45,62.67,31.66,0,0.22,0,0,272,3038,84,6990,866,37.85900116,258,304,4.199999809,96,4,77,77,81,81,Colon-Gaud et al. (2009),2009,Colon-Gaud et al. (2009),25.8,3.038,24.501844019643332,7120885300,NA,NA,NA,NA,NA,from posterior of brm_mean_sd_fi model,0.2667465091818039,0.01622921587165485,3127.3357101639717,0.01738943691210789,1.2250922009821665,2.9351331172987023,1.8994393283774225,-0.5684485711594771,-0.2246769587890101,1.1481576977842087,-0.5333058771747683,-0.35725566148527305,-0.27935817783533723,-0.29721084539880976,-0.2123555053331192,2.465784016917798
39,818.8960149755029,487.08859988756365,8.188960149755029e-4,4.870885998875636e-4,39,2.9132287576951206,-0.32904546930402334,no,4287.111111111111,3823.555555555556,1.05611390256756,DM,mg_m2_y,448.11111111111114,2.7777777777777777,1278.5555555555557,NA,NA,NA,Colon-Gaud_EtAl_2009_Fortuna_Site2,170,-80.233,8.7,NA,2.01,NA,Web Appendix 1.,255.140625,8967.005914,0.01888961,1.179999948,49,52.68888889,52.87777778,13,NA,7120885300,5.45,62.67,31.66,0,0.22,0,0,272,3038,84,6990,866,37.85900116,258,304,4.199999809,96,4,77,77,81,81,Colon-Gaud et al. (2009),2009,Colon-Gaud et al. (2009),25.8,3.038,24.501844019643332,7120885300,NA,NA,NA,NA,NA,from posterior of brm_mean_sd_fi model,0.2618510102110421,0.015931552329816863,3127.3357101639717,0.01841358015853699,1.2250922009821665,2.9351331172987023,1.8994393283774225,-0.5684485711594771,-0.2246769587890101,1.1481576977842087,-0.5333058771747683,-0.35725566148527305,-0.27935817783533723,-0.29721084539880976,-0.2123555053331192,2.465784016917798
40,972.0829277972366,578.1871180095129,9.720829277972366e-4,5.781871180095128e-4,40,2.987703315902077,-0.21168161687185202,no,7770.700084,4538.850042,1.0670836502093008,DM,mg_m2_y,1307,897,347,1845.850042,142,NA,Consoli_2023,NA,10.183333,46.63333300000001,"Coordinates of the dam. 5th order river-  Data on pre, -during and after food (Spoel River)- Values are average of after-flood (since 2000)",10--18,NA,NA,2189.647978,747.4627727,0.029103352,1.358838499,13.00390637,60.28225806,60.67741935,12,NA,2120515090,0,26.64,10.95,0,59.3,0,3.11,80,1187,249,12041,928,16.78499985,2,2259,12.77700043,60,0,70,87,102,121,Consoli (2023),2023,Consoli (2023),0.2,1.187,3.0645180574255306,2120515090,NA,NA,NA,NA,NA,from posterior of brm_mean_sd_fi model,0.3108342109348627,0.018911176178462927,3127.3357101639717,0.03337595065213967,0.15322590287127652,0.09295987704309128,0.364427345089705,1.9873501541244574,0.40337173694009965,0.2329206203631222,-0.7174559407462267,-0.4348372380195481,-0.15575197473354518,-0.0580061136415841,0.301571955656778,-1.2885076769835302
41,2190.6206027705994,1337.5002783364337,0.0021906206027705994,0.0013375002783364337,41,3.3405671678889752,0.3443936664236111,no,13191.324122222222,10231.298254155901,1347.5570457525132,DM,mg_m2_y,NA,NA,NA,NA,NA,NA,Cross_EtAl_2006_C53_Reference,18,-83.45,35.06,Just reference sites,NA,NA,NA,1013.703704,4951.958026,0.01977859,1.399999976,24,49.18348624,49.8440367,4,NA,7121121760,0.09,98.61,1.15,0,0.05,0.1,0,196,1912,145,820,952,3.895999908,102,1192,4.573999882,100,1,51,51,53,53,Cross et al. (2006),2006,Cross et al. (2006),10.2,1.912,10.33707109918169,7121121760,10231.298254155901,0.33154618279953074,3.1295471591137938,-0.27856070462845645,0.025555645570995437,from posterior of brm_prop_insects_beta model,0.7004750387529521,0.04374657029620529,3127.3357101639717,0.056658084623057055,0.5168535549590845,1.2061827831399674,1.143098467775465,0.592446195107599,-0.17672407277586574,1.2498507063865516,-0.6714184248533621,-0.6454158028982946,-0.6007343058999965,-0.6161504877417774,-0.5721047280260473,-0.014874690936546383
42,295.79745099547483,175.94259500619012,2.957974509954748e-4,1.759425950061901e-4,42,2.4709944271883604,-1.025958965075353,no,26333.333333333336,1381.111111111111,1.0196715577497408,DM,mg_m2_y,NA,NA,NA,797.7777777777778,NA,NA,Cross_EtAl_2011_Site1_GlenCanyon_Yr1,20,-111.48,36.93,"Average of three sampled years. Assumed taxa listed in the table are all, or essentially all, taxa present in samples. Width is a riverwide average.",7,NA,Table 1,1213.998874,117.7264251,0.022864868,1.450000048,21.5,83.48453608,83.77319588,6,NA,7121103910,0.4,0,0.11,0,87.05,5.91,6.52,275,108,78,1739,29,3.34800005,141,1322,558.8579712,0,0,88,37,90,40,Cross et al. (2011),2011,Cross et al. (2011),14.1,0.108,14.841573522979512,7121103910,NA,NA,NA,NA,NA,from posterior of brm_mean_sd_fi model,0.09458448929359287,0.0057546792514378865,3127.3357101639717,0.11310435666528268,0.7420786761489756,-1.5638229032031563,-3.5508968373343044,0.7623970054845358,2.549357317052922,-1.292474508672022,-0.7174559407462267,-0.23534175550284087,-0.7737829902425054,-0.1946945317885702,-0.7391311528477639,0.7739931027718538
43,1744.6978251928665,1037.7719894279096,0.0017446978251928664,0.0010377719894279094,43,3.2417202197105803,0.1886215622489,no,8852.444444444445,8146.333333333334,1.124637679391099,DM,mg_m2_y,0,0,500.4444444444445,1225.7777777777778,6420.111111111112,NA,Cross_EtAl_2013_ColoradoRiver_Site2,21,-111.85,36.5,Average of three sampled years,NA,NA,NA,1458.188578,263.1826261,0.025442641,1.450000048,21.5,80.9266055,81.44954128,12,NA,7121108970,0,0,0,0,99.65,0,0.35,230,257,78,1731,48,3.278000116,109,1682,517.1309814,18,1,39,37,42,40,Cross et al. (2013),2013,Cross et al. (2013),10.9,0.257,11.113599904057619,7121108970,NA,NA,NA,NA,NA,from posterior of brm_mean_sd_fi model,0.5578863246189163,0.033943144552767895,3127.3357101639717,0.03802215318243207,0.5556799952028809,-1.335036402501867,-2.134837230271147,1.233030018836053,2.5052417535184275,-0.8348559699614787,-0.6714184248533621,-0.7784127912427661,-0.7737829902425054,-0.7414482043765146,-0.7391311528477639,0.12111781332256313
44,239.2698212262997,142.33167542140544,2.3926982122629973e-4,1.4233167542140543e-4,44,2.378887925101508,-1.171108854906523,no,1458.8518522222223,1117.1851855555558,1.015818214184601,DM,mg_m2_y,0,0,193.8148144444445,609.9629633333333,313.4074077777778,NA,Cross_EtAl_2013_ColoradoRiver_Site3,22,-111.81,36.17,Average of three sampled years,NA,NA,NA,1336.640909,394.7580755,0.025255971,1.450000048,21.5,80.69026549,81.00884956,6,NA,7121111670,0,0,0.24,0,98.64,0,1.12,247,244,68,1524,51,3.453000069,125,1518,533.9650269,33,1,40,38,43,41,Cross et al. (2013),2013,Cross et al. (2013),12.5,0.244,12.958426477020488,7121111670,NA,NA,NA,NA,NA,from posterior of brm_mean_sd_fi model,0.07650915776284035,0.004655343064259888,3127.3357101639717,0.006265917729704449,0.6479213238510244,-1.354997640818087,-2.219623041747683,1.0186305349759175,2.5234533097289145,-0.45350718770269266,-0.6714184248533621,-0.7673297088807268,-0.7614223699323261,-0.7300575028642657,-0.7262829663230164,0.4441999501417591
45,233.04583858487297,138.606997222979,2.3304583858487299e-4,1.38606997222979e-4,45,2.3674413522985875,-1.1891474161768412,no,1123.5925922222225,1088.1851855555556,1.0153727126523202,DM,mg_m2_y,0,0,19.851852222222224,486.44444444444446,581.8888888888889,NA,Cross_EtAl_2013_ColoradoRiver_Site4,23,-112.49000000000001,36.28,Average of three sampled years,NA,NA,NA,1216.751136,571.2634541,0.026170004,1.450000048,21.5,78.71428571,79.46428571,6,NA,7120628220,0,0,2.49,0,97.05,0,0.46,241,299,69,1556,32,3.4400000570000002,122,1430,528.1350098,19,0,33,37,33,41,Cross et al. (2013),2013,Cross et al. (2013),12.2,0.299,12.607320427308656,7120628220,NA,NA,NA,NA,NA,from posterior of brm_mean_sd_fi model,0.07451897083752929,0.004533517372499383,3127.3357101639717,0.004825944960652092,0.6303660213654327,-1.2705462479417722,-1.8875949929365492,0.903586909489991,2.5172120391221675,-0.809432717810893,-0.7174559407462267,-0.8449112854150018,-0.7737829902425054,-0.8439645179867542,-0.7262829663230164,0.3827111931748305
46,301.637177028474,179.3944735911808,3.0163717702847396e-4,1.793944735911808e-4,46,2.4794848676463066,-1.0125789487989023,no,1689.481481111111,1408.407407777778,1.02008134980098,DM,mg_m2_y,0.7777777777777778,0,63.59259222222222,705.0740744444444,638.9629633333333,NA,Cross_EtAl_2013_ColoradoRiver_Site5,24,-112.85,36.720000000000006,Average of three sampled years,NA,NA,NA,1503.225,525.5052671,0.02224691,1.354575821,28.28571429,78.62608696,79.76521739,6,NA,7120617880,0,0,0.01,0,99.99,0,0,252,296,14,649,28,0.001,131,1473,0.252999991,0,2,32,31,32,31,Cross et al. (2013),2013,Cross et al. (2013),13.1,0.296,13.664225463099985,7120617880,NA,NA,NA,NA,NA,from posterior of brm_mean_sd_fi model,0.0964518059408015,0.005867582292744228,3127.3357101639717,0.007256495545024599,0.6832112731549993,-1.2751526875532075,-1.9040662985277472,0.9598014083069778,-1.7262066045751778,-1.292474508672022,-0.6253809089604975,-0.8559943677770411,-0.8479467121035806,-0.8553552194990031,-0.8547648315704907,0.5678056309842452
47,278.5677183378236,165.70596875384592,2.785677183378236e-4,1.6570596875384593e-4,47,2.444930787033911,-1.0670324442684964,no,1563.3333333333337,1300.7037033333334,1.0184088296206335,DM,mg_m2_y,0,0,65.92592555555557,639.6296300000001,595.1481477777778,NA,Cross_EtAl_2013_ColoradoRiver_Site6,25,-113.36,35.77,Average of three sampled years,NA,NA,NA,879.8863636,655.878605,0.024641762,1.450000048,21.5,79.78761062,80.22123894,6,NA,7120641220,0,0,0.13,0,99.45,0,0.42,270,243,69,1611,15,3.301000118,152,1090,551.0029907,2,1,40,37,33,40,Cross et al. (2013),2013,Cross et al. (2013),15.2,0.243,16.118518140260786,7120641220,NA,NA,NA,NA,NA,from posterior of brm_mean_sd_fi model,0.08907509271629101,0.005419862655735084,3127.3357101639717,0.006714676364052859,0.8059259070130393,-1.3565331206885654,-2.2263310209069576,0.4591001746580024,2.5413100244609024,-1.2416280043708505,-0.6714184248533621,-0.7673297088807268,-0.7737829902425054,-0.8439645179867542,-0.7391311528477639,0.9976227932789775
48,7467.353573368108,4441.651477886365,0.0074673535733681086,0.004441651477886365,48,3.8731667153201275,1.1837129748570805,no,NA,34866.66666,1.6688877346665723,DM,mg_m2_y,NA,NA,NA,NA,NA,NA,Crowther_1981_FortMckay,NA,-111.330954,57.364,Average of 3 sites.,NA,NA,NA,302.6605539,297.0435127,0.02483949099999999,0.817510396,21.703125,65.20238095,64.60119048,9,1.027776778,8120460080,0,65.17,28.32,0,6.32,0,0.2,165,420,8,22,21,0,-7,311,0.122000001,73,0,0,0,1,1,Crowther (1981),1981,Crowther (1981),-0.7,0.42,2.751060163349935,8120460080,NA,NA,NA,NA,NA,from posterior of brm_mean_sd_fi model,2.387768460258007,0.14527624536293676,3127.3357101639717,NA,0.13755300816749677,-1.0847531836138797,-1.3325506644786154,-0.5592973736776421,-2.0481461866246238,0.5634228983207368,-0.7174559407462267,-1.2106530033622984,-1.231125941719136,-1.208466966378717,-1.2402104273129135,-1.3434031602256977
49,759.93233937750006,556.1151548525455,7.599323393775e-4,5.561151548525455e-4,49,2.880774926566204,-0.38018919864160794,no,5005.682422222222,3485.246339892215,1320.310048148121,DM,mg_m2_y,NA,NA,NA,NA,NA,NA,Demi_2018,NA,-83.75,35.03333330000001,Mean across streams from pre-treatment date,NA,NA,NA,654.5362723,5054.272862,0.023542505,1.399999976,24,52.76470588,52.94117647,4,NA,7120658350,4.54,64.47,17.62,0,1.92,1.1,10.35,209,1742,145,1050,958,7.322999954,114,892,3.507999897,100,3,34,34,35,35,Demi (2018),2018,Demi (2018),11.4,1.742,11.681481859739213,7120658350,3485.246339892215,-0.5127736360991706,3.12067592846982,-0.2929733536082834,0.025038921907350634,from posterior of brm_prop_insects_beta model,0.24299672622535795,0.018189252823783333,3127.3357101639717,0.021499917343145252,0.5840740929869607,0.9451512051586309,0.9910037701217411,0.20025201731466785,-0.3257213862107264,1.2498507063865516,-0.5793433930676328,-0.8338282030529626,-0.810864851173043,-0.8211831149622565,-0.803372085471501,0.22057025963463506
50,2203.047213815642,1310.3895901454766,0.0022030472138156424,0.0013103895901454765,50,3.3430238046768146,0.3482650604189431,no,10286.53632,10286.53632,1.1606074125028862,DM,mg_m2_y,1084.155548,123.654914,4917.19864,NA,NA,NA,Dolph_EtAl_2015_Buffalo Creek_restored,NA,-93.9990782,44.85400939999999,NA,NA,NA,NA,294.5043945,1538.766097,0.028118892,1.351312369,22.58125019,66.30645161,66.41935484,12,NA,7121017610,63.19,9.05,14.69,0,10.64,1.84,0.59,222,735,4,3878,201,19.24500084,65,296,21.09399986,8,72,181,154,159,99,Dolph et al. (2015),2015,Dolph et al. (2015),6.5,0.735,6.753512224902079,7121017610,NA,NA,NA,NA,NA,from posterior of brm_mean_sd_fi model,0.7044485843510968,0.04285984178785736,3127.3357101639717,0.04418172428307585,0.3376756112451039,-0.6010770244131681,-0.41847948028861004,-0.5789070825672886,0.6875394319736761,-1.089088491467336,2.5972452035400253,0.7953849041668131,0.6724095860484615,0.5912638725565998,0.018911852112334555,-0.6424588094047661
51,930.4483613848265,553.4521330513811,9.304483613848265e-4,5.534521330513812e-4,51,2.9686922753841123,-0.24164096148094893,no,4344.508552,4344.507546,1.0640946726762628,DM,mg_m2_y,864.8065246,51.98874049,2546.392345,NA,NA,NA,Dolph_EtAl_2015_Buffalo Creek_up,NA,-93.9990782,44.85400939999999,"Only non insect was amphipods w low production-Dipetara reported, but not known if Chironomids",NA,NA,NA,294.5043945,1538.766097,0.028118892,1.351312369,22.58125019,66.30645161,66.41935484,12,NA,7121017610,63.19,9.05,14.69,0,10.64,1.84,0.59,222,735,4,3878,201,19.24500084,65,296,21.09399986,8,72,181,154,159,99,Dolph et al. (2015),2015,Dolph et al. (2015),6.5,0.735,6.753512224902079,7121017610,NA,NA,NA,NA,NA,from posterior of brm_mean_sd_fi model,0.2975211002646216,0.018102151480843903,3127.3357101639717,0.018660108030409323,0.3376756112451039,-0.6010770244131681,-0.41847948028861004,-0.5789070825672886,0.6875394319736761,-1.089088491467336,2.5972452035400253,0.7953849041668131,0.6724095860484615,0.5912638725565998,0.018911852112334555,-0.6424588094047661
52,1350.7231159264234,803.4206599519954,0.0013507231159264235,8.034206599519954e-4,52,3.1305663323311688,0.013455052373036324,no,6306.868263,6306.867085,1.0949454642560057,DM,mg_m2_y,686.9651606,151.8338214,2967.93997,NA,NA,NA,Dolph_EtAl_2015_Elm Creek_restored,NA,-94.26691950000001,43.7546623,NA,NA,NA,NA,333.952621,1701.369877,0.026645373,1.304999948,22.5,68.89344262,69.31967213,12,NA,7120441960,96.3,1.3,1.16,0,0.82,0.42,0,224,752,3,4539,191,2.302000046,72,323,1.286000013,1,87,107,107,39,39,Dolph et al. (2015),2015,Dolph et al. (2015),7.2,0.752,7.353008328479463,7120441960,NA,NA,NA,NA,NA,from posterior of brm_mean_sd_fi model,0.4319085768555377,0.026278049393551446,3127.3357101639717,0.027088643447821664,0.36765041642397317,-0.5749738666150345,-0.3811306564251105,-0.5436096065659248,-0.882634919602465,-1.2670512565214362,3.287807941932994,-0.024763190624094353,0.0914604314700389,-0.7756203089132612,-0.7519793393725113,-0.5374698174869542
53,493.4921114440918,293.53464594606294,4.934921114440918e-4,2.9353464594606294e-4,53,2.6932802147894788,-0.6756605947071785,no,2304.213274,2304.212771,1.0332386505885756,DM,mg_m2_y,634.4004084,216.0588571,661.790159,NA,NA,NA,Dolph_EtAl_2015_Elm Creek_up,NA,-94.26691950000001,43.7546623,NA,NA,NA,NA,333.952621,1701.369877,0.026645373,1.304999948,22.5,68.89344262,69.31967213,12,NA,7120441960,96.3,1.3,1.16,0,0.82,0.42,0,224,752,3,4539,191,2.302000046,72,323,1.286000013,1,87,107,107,39,39,Dolph et al. (2015),2015,Dolph et al. (2015),7.2,0.752,7.353008328479463,7120441960,NA,NA,NA,NA,NA,from posterior of brm_mean_sd_fi model,0.1577995319914718,0.009600845869896055,3127.3357101639717,0.009896831391469926,0.36765041642397317,-0.5749738666150345,-0.3811306564251105,-0.5436096065659248,-0.882634919602465,-1.2670512565214362,3.287807941932994,-0.024763190624094353,0.0914604314700389,-0.7756203089132612,-0.7519793393725113,-0.5374698174869542
54,340.6479138413568,202.6050226063989,3.4064791384135683e-4,2.0260502260639892e-4,54,2.532305733624862,-0.9293389743794551,no,1590.588479,1590.588479,1.0226511952247113,DM,mg_m2_y,348.5622559,23.15639189,153.1475225,NA,NA,NA,Dolph_EtAl_2015_Rush River_restored,NA,-93.93371690000001,44.5015449,NA,NA,NA,NA,263.6443452,1574.230515,0.029714238,1.304999948,22.5,65.66129032,65.61290323,12,NA,7120424790,39.86,29.91,20.42,0,5.16,3.85,0.8,221,735,6,3428,208,10.26599979,66,266,218.5859985,35,70,204,117,180,73,Dolph et al. (2015),2015,Dolph et al. (2015),6.6,0.735,6.836730733189498,7120424790,NA,NA,NA,NA,NA,from posterior of brm_mean_sd_fi model,0.10892591822944907,0.006626746182691733,3127.3357101639717,0.006831739998854639,0.3418365366594749,-0.6010770244131681,-0.41847948028861004,-0.6181265003465818,2.015721640415209,-0.40266068340152117,2.505170171754296,1.0502957984937167,0.21506663457183095,0.8304686043138255,-0.31514099753109864,-0.6278848576445069
55,202.6141060472557,120.51935593524635,2.026141060472557e-4,1.2051935593524635e-4,55,2.3066696777726654,-1.2849170053202386,no,946.0237231,946.0216596,1.0133794046900242,DM,mg_m2_y,230.0139675,12.60533706,120.0379222,NA,NA,NA,Dolph_EtAl_2015_Rush River_up,NA,-93.93371690000001,44.5015449,NA,NA,NA,NA,263.6443452,1574.230515,0.029714238,1.304999948,22.5,65.66129032,65.61290323,12,NA,7120424790,39.86,29.91,20.42,0,5.16,3.85,0.8,221,735,6,3428,208,10.26599979,66,266,218.5859985,35,70,204,117,180,73,Dolph et al. (2015),2015,Dolph et al. (2015),6.6,0.735,6.836730733189498,7120424790,NA,NA,NA,NA,NA,from posterior of brm_mean_sd_fi model,0.06478808955135561,0.003941912059287399,3127.3357101639717,0.004063268528784342,0.3418365366594749,-0.6010770244131681,-0.41847948028861004,-0.6181265003465818,2.015721640415209,-0.40266068340152117,2.505170171754296,1.0502957984937167,0.21506663457183095,0.8304686043138255,-0.31514099753109864,-0.6278848576445069
56,1385.2595012823974,823.9623402333401,0.0013852595012823973,8.239623402333401e-4,56,3.14153113760138,0.030734400094771137,no,NA,6468.1,1.0972396394133046,DM,mg_m2_y,NA,NA,NA,NA,NA,NA,Dudgeon_1999,NA,114.17941499999999,22.422581999999995,Third order tropical forest stream (Tai Po Kau) - Exact coordinates not given. Mean of 2 years,Third order,NA,NA,168.9179293,15274.73455,0.021027815,1.385267837,27.25892857,52.14545455,52.34545455,6,NA,4120012600,0.82,56.56,5.93,0,0.17,10.9,25.62,279,2162,69,2067,1149,763.0230103,221,133,17.68600082,54,26,187,177,203,197,Dudgeon (1999),1999,Dudgeon (1999),22.1,2.162,22.539981068038838,4120012600,NA,NA,NA,NA,NA,from posterior of brm_mean_sd_fi model,0.4429519660394137,0.026949920700784162,3127.3357101639717,NA,1.1269990534019418,1.5900527507595799,1.343815886057863,-0.7919992525014479,0.5876097916959059,0.08038110745960779,0.4795194724682532,0.8618833983390488,0.9567038531825832,1.092454739095549,1.2780341315375827,2.122205447614768
57,119.93957212753722,71.34711691705522,1.1993957212753722e-4,7.134711691705523e-5,57,2.078962495202269,-1.6437589080633577,no,NA,560,1.0078087650447516,DM,mg_m2_y,NA,NA,NA,NA,NA,NA,Dunkle_EtAl_2024_Alaska_glacierfed,NA,-134.79405899999998,58.524879999999996,NA,NA,NA,NA,194.9709052,1535.481751,0.025544477,0.800000012,19.33333206,50.19083969,51.33587786,9,NA,7120020580,0,65.28,3.72,0,6.09,0.02,24.9,130,1452,72,183,1745,90.20999908,42,189,4.824999809,65,0,138,159,128,159,Dunkle et al. (2024),2024,Dunkle et al. (2024),4.2,1.452,5.063719530485345,7120020580,NA,NA,NA,NA,NA,from posterior of brm_mean_sd_fi model,0.03835199775250498,0.002333600759713959,3127.3357101639717,NA,0.2531859765242673,0.4998620427198805,0.6935764656201855,-0.7187896726467674,-0.14667009471116862,0.36003688111605087,-0.7174559407462267,0.31881236259912366,0.7342126875993575,0.2381521256768858,0.7898030435971803,-0.9383900597969476
58,355.50949128908564,211.4756926267114,3.5550949128908564e-4,2.1147569262671141e-4,58,2.550851199888433,-0.9001133244629413,no,NA,1660,1.0237702629209497,DM,mg_m2_y,NA,NA,NA,NA,NA,NA,Dunkle_EtAl_2024_Alaska_rainfed,NA,-134.76939299999998,58.47918,NA,NA,NA,NA,101.1647059,1646.679254,0.024278571,0.800000012,19.33333206,49.70247934,50.96694215,9,NA,7120020580,0,69.37,1.05,0,0.06,0.02,29.49,130,1452,72,183,1745,90.20999908,42,189,4.824999809,65,0,138,159,128,159,Dunkle et al. (2024),2024,Dunkle et al. (2024),4.2,1.452,5.063719530485345,7120020580,NA,NA,NA,NA,NA,from posterior of brm_mean_sd_fi model,0.1136780711241409,0.006916885479036932,3127.3357101639717,NA,0.2531859765242673,0.4998620427198805,0.6935764656201855,-0.7187896726467674,-0.14667009471116862,0.36003688111605087,-0.7174559407462267,0.31881236259912366,0.7342126875993575,0.2381521256768858,0.7898030435971803,-0.9383900597969476
59,621.0827372509094,369.4343557535829,6.210827372509094e-4,3.6943435575358287e-4,59,2.793149458369909,-0.5182774634972601,no,NA,2900,1.0420214038467337,DM,mg_m2_y,NA,NA,NA,NA,NA,NA,Dunkle_EtAl_2024_Alaska_snowmelt,NA,-134.56290600000003,58.41676,Glacier streams in Alaska,NA,NA,Figure 6B,322.243608,1747.907067,0.025477767,0.859090919,18.34848387,50.56643357,51.25874126,9,NA,7120020550,0,47.27,6.38,0,19.1,6.62,20.63,112,1656,148,1868,2083,68.8789978,23,549,26.12400055,6,0,85,136,70,128,Dunkle et al. (2024),2024,Dunkle et al. (2024),2.3,1.656,3.978553552763506,7120020550,NA,NA,NA,NA,NA,from posterior of brm_mean_sd_fi model,0.1985980383341528,0.012083351514445204,3127.3357101639717,NA,0.1989276776381753,0.8130999362974843,0.9083071259160583,-0.24815665929525005,0.8088757252648653,-1.1399349957685074,-0.7174559407462267,-0.26859100258895874,0.44991842046523584,-0.42250856203354703,0.39150926133001,-1.128433800506292
60,261.2847484151004,155.41411245393073,2.6128474841510043e-4,1.5541411245393073e-4,60,2.4171140600431484,-1.1108685987928064,no,NA,1220,1.017330186556958,DM,mg_m2_y,NA,NA,NA,NA,NA,NA,Dunkle_EtAl_2024_Alaska_transition,NA,-134.60256099999998,58.37503,NA,NA,NA,NA,118.4230491,1870.824805,0.025994665,0.800000012,19.33333206,49.98529412,50.75,9,NA,7120020560,0,63.45,4.67,0,2.6,7.18,22.1,121,1668,113,745,1938,93.27100372,35,325,13.83300018,60,0,127,130,125,127,Dunkle et al. (2024),2024,Dunkle et al. (2024),3.5,1.668,4.632799978554383,7120020560,NA,NA,NA,NA,NA,from posterior of brm_mean_sd_fi model,0.08354867293777066,0.0050832396116915505,3127.3357101639717,NA,0.23163999892771914,0.8315256947432257,0.9201006112993427,-0.540994978713972,0.44835194754263064,0.2329206203631222,-0.7174559407462267,0.19689845661669145,0.3757546986041606,0.20398002114013927,0.3786610748052626,-1.0138564541320143
61,887.9050369681432,668.4932165955797,8.879050369681433e-4,6.684932165955797e-4,61,2.9483665196906617,-0.27367215507526926,no,6000,4172.901539041513,1550.3796666221906,DM,mg_m2_y,NA,NA,NA,NA,NA,NA,Edwards_EtAl_1989_Detroit_MainChannel,134,-83.084,42.306999999999995,"Width is probably an upper bound. Text states """"The width of the SCDRS ranges from 250 m in the Upper St. Clair River to 3 000 m in the lower Detroit River.""""",3000,598000,Table 3,182.3098958,1637.528736,0.027527667,1.343179549,30.88191441,66.4,66.55,12,NA,7120486770,0.65,4.63,7.41,0,15.95,62.3,9.06,224,840,1,1897,184,314.0069885,95,182,1.534999967,16,21,373,326,376,326,Edwards et al. (1989),1989,Edwards et al. (1989),9.5,0.84,9.586671194532865,7120486770,4172.901539041513,-0.37159311751283963,3.1904380639303174,-0.17963426787971026,0.029402060109855556,from posterior of brm_prop_insects_beta model,0.2839174042244377,0.02186488179928351,3127.3357101639717,0.025770612911077063,0.47933355972664327,-0.43985163801293087,-0.20037055481826033,-0.7279408701286024,-0.785465829996602,-0.8857024742626501,0.24933189300393013,2.923336717678357,2.7984362793992847,3.063046100714599,2.9354501932300012,-0.14629127405389225
62,1217.4234781474468,917.625244194033,0.0012174234781474468,9.176252441940331e-4,62,3.0854416729152327,-0.05765653252588839,no,8222.222222222223,5615.426144753776,2165.8890715184093,DM,mg_m2_y,NA,NA,NA,NA,NA,NA,Edwards_EtAl_1989_StClaire_MainChannel,133,-82.508,42.674,"Width is probably a lower bound. Text states """"The width of the SCDRS ranges from 250 m in the Upper St. Clair River to 3 000 m in the lower Detroit River.""""",250,579000,Table 3,179.2130208,1454.67359,0.022699537,1.24000001,55,64.5,64.73958333,6,NA,7120479090,31.07,29.44,18.68,0,2.24,7.14,11.44,224,800,3,658,158,200.7230072,92,175,2.700999975,19,20,107,179,104,189,Edwards et al. (1989),1989,Edwards et al. (1989),9.2,0.8,9.274171057620928,7120479090,5615.426144753776,-0.1388133380311102,3.3356362099711556,0.05626196742218892,0.04107484253247883,from posterior of brm_prop_insects_beta model,0.38928455112470645,0.030013419735984,3127.3357101639717,0.035315284359624124,0.4637085528810464,-0.5012708328320689,-0.280063951789261,-0.7370920676104376,-0.4719740074072833,-0.809432717810893,0.20329437711106552,-0.024763190624094353,0.9814250938029416,-0.03522471061708642,1.1752486393396033,-0.20101902649928824
63,2209.8268837881187,1577.8675110015586,0.002209826883788119,0.0015778675110015583,63,3.3443582527075644,0.35036800625078146,no,14888.888888888889,10546.809224642315,3847.147921011733,DM,mg_m2_y,NA,NA,NA,NA,NA,NA,Edwards_EtAl_1989_StLawrence_MainChannel,135,-75.889,44.366,NA,NA,766000,Table 3,82.1620935,1391.419638,0.026149521,1.339341436,21.84000696,61.24590164,61.8852459,3,NA,7120428740,4.1,29.3,21.51,0,2.74,1.28,41.07,206,918,12,627,508,51.30400085,69,87,7737.151855,66,18,77,71,80,74,Edwards et al. (1989),1989,Edwards et al. (1989),6.9,0.918,7.09124787013899,7120428740,10546.809224642315,0.35535831686916813,3.5851388850445627,0.4616166041888027,0.07295895119131318,from posterior of brm_prop_insects_beta model,0.7066164584141348,0.05160843186812806,3127.3357101639717,0.0639492987052653,0.3545623935069495,-0.3200842081156118,-0.055332819155225636,-0.8521356930963639,4.0434212863581775,0.38546013326663664,0.11121934532533631,-0.35725566148527305,-0.35352189969641246,-0.3086015469110586,-0.3022928110063512,-0.5833115944077999
64,1853.0228946328377,1133.7151468640388,0.0018530228946328378,0.0011337151468640387,64,3.2678807851857523,0.2298477852690917,no,11234.444444444443,8712.707001508497,1148.5739508134052,DM,mg_m2_y,NA,NA,NA,NA,NA,NA,Ely_Wallace_2010_BigHurricaneBranch_Disturbed,26,-83.43,35.06,Only lists total production and production by FFG. Coweeta LTER.,NA,59 ha,Table 2,899.972973,5093.644971,0.020613902,1.399999976,24,49.88181818,50.44545455,4,NA,7121121760,0.55,94.07,4.91,0,0.19,0.27,0,196,1912,145,820,952,3.895999908,102,1192,4.573999882,100,1,51,51,53,53,Ely and Wallace (2010),2010,Ely and Wallace (2010),10.2,1.912,10.33707109918169,7121121760,8712.707001508497,0.20557871405170844,3.0601589624359344,-0.3912922705404,0.021782045436654632,from posterior of brm_prop_insects_beta model,0.5925244573553251,0.03708122545577894,3127.3357101639717,0.048253086508129664,0.5168535549590845,1.2061827831399674,1.143098467775465,0.592446195107599,-0.17672407277586574,1.2498507063865516,-0.6714184248533621,-0.6454158028982946,-0.6007343058999965,-0.6161504877417774,-0.5721047280260473,-0.014874690936546383
65,1722.004119994109,1063.6795556261802,0.001722004119994109,0.0010636795556261801,65,3.2360341861934585,0.17966098813212023,no,10306.666666666668,8014.160385228964,1047.5609525677094,DM,mg_m2_y,NA,NA,NA,NA,NA,NA,Ely_Wallace_2010_HughWhiteCreek_Reference,27,-83.43,35.05,Only lists total production and production by FFG. Coweeta LTER.,NA,61 ha,Table 2,922.3255682,5089.150659,0.020326253,1.399999976,24,49.66363636,50.25454545,4,NA,7121121760,0.54,95,3.96,0,0.19,0.31,0,196,1912,145,820,952,3.895999908,102,1192,4.573999882,100,1,51,51,53,53,Ely and Wallace (2010),2010,Ely and Wallace (2010),10.2,1.912,10.33707109918169,7121121760,8014.160385228964,0.14005629705541092,3.0201793018948275,-0.45624524457935534,0.019866391929170626,from posterior of brm_prop_insects_beta model,0.5506297627074457,0.03479052169672326,3127.3357101639717,0.04426818617836127,0.5168535549590845,1.2061827831399674,1.143098467775465,0.592446195107599,-0.17672407277586574,1.2498507063865516,-0.6714184248533621,-0.6454158028982946,-0.6007343058999965,-0.6161504877417774,-0.5721047280260473,-0.014874690936546383
66,152.68765787793185,114.77349265963866,1.5268765787793183e-4,1.1477349265963865e-4,66,2.1838039333750916,-1.4785401357102725,no,1000,712.7193334759113,259.38845312864356,DM,mg_m2_y,NA,NA,NA,NA,NA,NA,Entrekin_EtAl_2009_ShaneCreek_AfterWood_yr1,28,-88.9,46.47,NA,2.4,NA,Figure 2,402.3086538,1035.995129,0.02725950799999999,1.19997409,20.47265625,48.61068702,50.19847328,6,NA,7120369750,0.26,96.01,3.36,0,0.24,0.05,0.08,187,810,23,96,672,1.84800005,43,417,3.181999922,89,1,32,32,32,32,Entekin et al. (2009),2009,Entekin et al. (2009),4.3,0.81,5.128367598994103,7120369750,712.7193334759113,-1.7571731837409335,2.4139506392340704,-1.4411549225139182,0.004919153066104634,from posterior of brm_prop_insects_beta model,0.048823558462780504,0.0037539780335753468,3127.3357101639717,0.004295102151846177,0.2564183799497052,-0.48591603412728435,-0.25977312402759756,-0.42072209752413975,-0.38035840256212455,0.9701949327301086,-0.6714184248533621,-0.8559943677770411,-0.8355860917934014,-0.8553552194990031,-0.8419166450457433,-0.9270683255910604
67,252.2656258043768,188.11169863559036,2.522656258043768e-4,1.8811169863559035e-4,67,2.401858076754089,-1.1349103791612005,no,1666.6666666666667,1188.8177772226393,429.504330800229,DM,mg_m2_y,NA,NA,NA,NA,NA,NA,Entrekin_EtAl_2009_ShaneCreek_AfterWood_yr2,28,-88.9,46.47,NA,2.5,NA,Figure 2,402.3086538,1035.995129,0.02725950799999999,1.19997409,20.47265625,48.61068702,50.19847328,6,NA,7120369750,0.26,96.01,3.36,0,0.24,0.05,0.08,187,810,23,96,672,1.84800005,43,417,3.181999922,89,1,32,32,32,32,Entekin et al. (2009),2009,Entekin et al. (2009),4.3,0.81,5.128367598994103,7120369750,1188.8177772226393,-1.3560480660701635,2.6329675472898666,-1.0853290012704526,0.008145303001260911,from posterior of brm_prop_insects_beta model,0.08066470925539046,0.0061527027554236224,3127.3357101639717,0.007158503586410296,0.2564183799497052,-0.48591603412728435,-0.25977312402759756,-0.42072209752413975,-0.38035840256212455,0.9701949327301086,-0.6714184248533621,-0.8559943677770411,-0.8355860917934014,-0.8553552194990031,-0.8419166450457433,-0.9270683255910604
68,185.97501322714683,133.2946742238353,1.8597501322714684e-4,1.332946742238353e-4,68,2.2694545982688545,-1.3435639473672045,no,1222.2222222222222,870.9137393183471,317.98560596187787,DM,mg_m2_y,NA,NA,NA,NA,NA,NA,Entrekin_EtAl_2009_ShaneCreek_AfterWood_yr3,28,-88.9,46.47,NA,2.5,NA,Figure 2,402.3086538,1035.995129,0.02725950799999999,1.19997409,20.47265625,48.61068702,50.19847328,6,NA,7120369750,0.26,96.01,3.36,0,0.24,0.05,0.08,187,810,23,96,672,1.84800005,43,417,3.181999922,89,1,32,32,32,32,Entekin et al. (2009),2009,Entekin et al. (2009),4.3,0.81,5.128367598994103,7120369750,870.9137393183471,-1.600012515893319,2.5024074615164698,-1.2974435051703508,0.006030414421603946,from posterior of brm_prop_insects_beta model,0.059467556560275976,0.004359763456120959,3127.3357101639717,0.005249569296700883,0.2564183799497052,-0.48591603412728435,-0.25977312402759756,-0.42072209752413975,-0.38035840256212455,0.9701949327301086,-0.6714184248533621,-0.8559943677770411,-0.8355860917934014,-0.8553552194990031,-0.8419166450457433,-0.9270683255910604
69,533.6222165021833,383.16034655220517,5.336222165021832e-4,3.8316034655220513e-4,69,2.7272339024367023,-0.6221532536433607,no,3444.444444444445,2463.420980192805,860.2342896138678,DM,mg_m2_y,NA,NA,NA,NA,NA,NA,Entrekin_EtAl_2009_StateCreek_AfterWood_yr1,30,-88.9,46.42,Entrekin et al. (2007) J.N.Am.Benthol.Soc. has similar data. Did not include those to avoid redundancy.,2.1,NA,Figure 2,463.5322115,1032.142197,0.029397836,1.049140602,22.09765625,47.03937008,48.7480315,6,NA,7120377890,0.1,96.82,2.31,0,0.05,0.01,0.71,185,816,14,27,528,0.103,41,492,3.39199996,99,0,12,12,12,12,Entekin et al. (2009),2009,Entekin et al. (2009),4.1,0.816,4.999851626302771,7120377890,2463.420980192805,-0.7848185095487482,2.934616749881972,-0.59525448438727,0.0163138493340092,from posterior of brm_prop_insects_beta model,0.17063157459171677,0.01253229723137907,3127.3357101639717,0.014794240745247945,0.24999258131513855,-0.4767031549044137,-0.24771852592221771,-0.32267355307590695,-0.34456675394993613,1.2244274542359659,-0.7174559407462267,-1.077656015017827,-1.0827984979969856,-1.08316924974398,-1.098880375540692,-0.9495751648143421
70,274.6213351436726,193.6512794815887,2.746213351436726e-4,1.936512794815887e-4,70,2.4387342742526443,-1.0767974785186323,no,1777.7777777777778,1268.538363991369,444.6166628349583,DM,mg_m2_y,NA,NA,NA,NA,NA,NA,Entrekin_EtAl_2009_StateCreek_AfterWood_yr2,30,-88.9,46.42,NA,2.3,NA,Figure 2,463.5322115,1032.142197,0.029397836,1.049140602,22.09765625,47.03937008,48.7480315,6,NA,7120377890,0.1,96.82,2.31,0,0.05,0.01,0.71,185,816,14,27,528,0.103,41,492,3.39199996,99,0,12,12,12,12,Entekin et al. (2009),2009,Entekin et al. (2009),4.1,0.816,4.999851626302771,7120377890,1268.538363991369,-1.3051605476678503,2.6479857346600286,-1.0609296961947299,0.008431899700412205,from posterior of brm_prop_insects_beta model,0.08781319327219708,0.006333889755393742,3127.3357101639717,0.007635737158837649,0.24999258131513855,-0.4767031549044137,-0.24771852592221771,-0.32267355307590695,-0.34456675394993613,1.2244274542359659,-0.7174559407462267,-1.077656015017827,-1.0827984979969856,-1.08316924974398,-1.098880375540692,-0.9495751648143421
71,458.7333501283388,326.9478895797696,4.587333501283388e-4,3.269478895797696e-4,71,2.6615603146909685,-0.7256477280847221,no,3000,2146.667431976869,748.4841975780633,DM,mg_m2_y,NA,NA,NA,NA,NA,NA,Entrekin_EtAl_2009_StateCreek_AfterWood_yr3,30,-88.9,46.42,NA,2.3,NA,Figure 2,463.5322115,1032.142197,0.029397836,1.049140602,22.09765625,47.03937008,48.7480315,6,NA,7120377890,0.1,96.82,2.31,0,0.05,0.01,0.71,185,816,14,27,528,0.103,41,492,3.39199996,99,0,12,12,12,12,Entekin et al. (2009),2009,Entekin et al. (2009),4.1,0.816,4.999851626302771,7120377890,2146.667431976869,-0.8927264779699443,2.8741826357049978,-0.6934387960116328,0.014194573008309496,from posterior of brm_prop_insects_beta model,0.1466850356478955,0.010693716529530044,3127.3357101639717,0.012885306455538531,0.24999258131513855,-0.4767031549044137,-0.24771852592221771,-0.32267355307590695,-0.34456675394993613,1.2244274542359659,-0.7174559407462267,-1.077656015017827,-1.0827984979969856,-1.08316924974398,-1.098880375540692,-0.9495751648143421
72,183.49838513312497,131.61027198563806,1.8349838513312495e-4,1.3161027198563805e-4,72,2.263632246621575,-1.3527393441200206,no,1222.2222222222222,870.3434054700579,317.3407041316164,DM,mg_m2_y,NA,NA,NA,NA,NA,NA,Entrekin_EtAl_2009_WaltonCreek_AfterWood_yr1,32,-88.9,46.44,Entrekin et al. (2007) J.N.Am.Benthol.Soc. has similar data. Did not include those to avoid redundancy.,1.8,NA,Figure 2,440.9306641,1033.802393,0.029154171,1.133984476,21.18359375,47.65891473,49.27906977,6,NA,7120369750,0.26,95.81,3.45,0,0.24,0.05,0.18,187,810,23,96,672,1.84800005,43,417,3.181999922,89,1,32,32,32,32,Entekin et al. (2009),2009,Entekin et al. (2009),4.3,0.81,5.128367598994103,7120369750,870.3434054700579,-1.6005261131687556,2.5015257810382754,-1.2988759277681348,0.006018184228712153,from posterior of brm_prop_insects_beta model,0.05867562747956593,0.004304670517365064,3127.3357101639717,0.005249569296700883,0.2564183799497052,-0.48591603412728435,-0.25977312402759756,-0.42072209752413975,-0.38035840256212455,0.9701949327301086,-0.6714184248533621,-0.8559943677770411,-0.8355860917934014,-0.8553552194990031,-0.8419166450457433,-0.9270683255910604
73,219.60857691200312,157.49167123233568,2.196085769120031e-4,1.574916712323357e-4,73,2.3416492976761183,-1.2297929059321766,no,1444.4444444444446,1030.6653841744765,372.37228627628275,DM,mg_m2_y,NA,NA,NA,NA,NA,NA,Entrekin_EtAl_2009_WaltonCreek_AfterWood_yr2,32,-88.9,46.44,NA,2.4,NA,Figure 2,440.9306641,1033.802393,0.029154171,1.133984476,21.18359375,47.65891473,49.27906977,6,NA,7120369750,0.26,95.81,3.45,0,0.24,0.05,0.18,187,810,23,96,672,1.84800005,43,417,3.181999922,89,1,32,32,32,32,Entekin et al. (2009),2009,Entekin et al. (2009),4.3,0.81,5.128367598994103,7120369750,1030.6653841744765,-1.4679704715363253,2.5709773512428242,-1.1860414020266652,0.007061826583544604,from posterior of brm_prop_insects_beta model,0.07022225858204671,0.005151191800275043,3127.3357101639717,0.00620403644155559,0.2564183799497052,-0.48591603412728435,-0.25977312402759756,-0.42072209752413975,-0.38035840256212455,0.9701949327301086,-0.6714184248533621,-0.8559943677770411,-0.8355860917934014,-0.8553552194990031,-0.8419166450457433,-0.9270683255910604
74,154.11523728688996,113.53121182544994,1.5411523728688998e-4,1.1353121182544994e-4,74,2.1878455792925395,-1.4721709386789816,no,1000,713.4819257563383,258.6100080212622,DM,mg_m2_y,NA,NA,NA,NA,NA,NA,Entrekin_EtAl_2009_WaltonCreek_AfterWood_yr3,32,-88.9,46.44,NA,2.4,NA,Figure 2,440.9306641,1033.802393,0.029154171,1.133984476,21.18359375,47.65891473,49.27906977,6,NA,7120369750,0.26,95.81,3.45,0,0.24,0.05,0.18,187,810,23,96,672,1.84800005,43,417,3.181999922,89,1,32,32,32,32,Entekin et al. (2009),2009,Entekin et al. (2009),4.3,0.81,5.128367598994103,7120369750,713.4819257563383,-1.7563347512675143,2.412645327753602,-1.4432755974160085,0.004904390301646225,from posterior of brm_prop_insects_beta model,0.04928004268489916,0.0037133458731782964,3127.3357101639717,0.004295102151846177,0.2564183799497052,-0.48591603412728435,-0.25977312402759756,-0.42072209752413975,-0.38035840256212455,0.9701949327301086,-0.6714184248533621,-0.8559943677770411,-0.8355860917934014,-0.8553552194990031,-0.8419166450457433,-0.9270683255910604
75,515.1297669312315,370.83530535328504,5.151297669312315e-4,3.7083530535328505e-4,75,2.7119166464452396,-0.646291593166668,no,3320,2390.241273977579,832.3210295478129,DM,mg_m2_y,NA,NA,NA,NA,NA,NA,Fisher_1977_FortRiver,34,-72.51,42.349999999999994,NA,14,105,Table 2,84.97616525,2392.237087,0.031083061,1.321428435,10.76190472,51.53636364,52.3,6,NA,7120486840,10.8,57.51,25.46,0,0.9,5.34,0,217,1119,71,296,757,32.66699982,87,96,414.9490051,68,7,319,97,334,102,Fisher (1977),1977,Fisher (1977),8.7,1.119,8.766584892194361,7120486840,2390.241273977579,-0.8084619395627742,2.9202908677210093,-0.618529035483806,0.015784490385363902,from posterior of brm_prop_insects_beta model,0.16471841038908558,0.012129173366700096,3127.3357101639717,0.01425973914412931,0.43832924460971806,-0.01145275414944332,0.26806761068540325,-0.840369867762576,2.380092508567228,0.4363066375678081,-0.3951933294961744,2.3248502701282354,-0.03214577163175313,2.5846366372001475,0.05745641168657685,-0.289911947573435
76,25644.585269167266,15374.527611037118,0.02564458526916727,0.01537452761103712,76,4.408995679936436,2.0281214956482434,no,135000,120097.2405150538,10358.413925803683,DM,mg_m2_y,48700,NA,NA,18400,NA,NA,Fisher_Gray_1983_SycamoreCreek,35,-111.5,33.75,"Collectors only, but stated to be most of the invertebrates in the stream.",50,505,Table 1,798.146412,1147.246131,0.022353814,1.473059878,21.5695312,70.09259259,71,3,NA,7120689160,0,0,0.09,0,99.91,0,0,311,386,104,5675,29,0.181999996,200,633,0.492000014,18,0,42,36,52,45,Fisher and Gray (1983),1983,Fisher and Gray (1983),20,0.386,20.9632692668105,7120689160,120097.2405150538,2.2624670445060047,4.01529326158636,1.1604671115245218,0.19644137203681616,from posterior of brm_prop_insects_beta model,8.20013827930954,0.5028655797692504,3127.3357101639717,0.5798387904992339,1.048163463340525,-1.136959499210147,-1.4704371595710377,-0.13834228951322936,-1.3955709443252713,-0.8348559699614787,-0.7174559407462267,-0.7451635441566482,-0.7861436105526846,-0.6275411892540262,-0.6748902202240267,1.846077910558119
77,887.7592447952452,533.5282437081305,8.877592447952453e-4,5.335282437081305e-4,77,2.948295203578729,-0.27378454155782694,no,4780,4165.916575972734,319.5422839954241,DM,mg_m2_y,NA,NA,NA,NA,NA,NA,Fisher_Likens_1973_Bear Brook,NA,-71.733,43.949999999999996,"Bear Brook, New Hampshire, USA",3.1,1.3,Table 7,528.9645833,1622.143999,0.024549343,1.330000043,16,44.79365079,46.65873016,4,NA,7120444090,0.01,98.19,1.42,0,0.17,0.03,0.18,185,1123,124,442,789,7.328000069,52,410,21.81900024,100,1,78,67,85,67,Fisher and Likens (1973),1973,Fisher and Likens (1973),5.2,1.123,5.745863357931571,7120444090,4165.916575972734,-0.37290657546668254,2.504528335079167,-1.2939978269531445,0.006059935926625833,from posterior of brm_prop_insects_beta model,0.28387078557316076,0.01745048670002426,3127.3357101639717,0.020530588285824727,0.28729316789657855,-0.00531083466752952,0.2738959509625823,-0.4298732950059748,0.7067077836118463,1.2498507063865516,-0.6714184248533621,-0.34617257912323374,-0.4029643809371293,-0.25164803934981445,-0.3922301166795832,-0.8189270768698325
78,3233.7945207907555,1923.493344005038,0.0032337945207907555,0.001923493344005038,78,3.5097124208512045,0.6109482991224198,no,11946.35,15099.3,1.2450634014725304,DM,mg_m2_y,28.1,105.25,528.7,12462.5,NA,NA,Fjellheim_EtAl_1993_Ekso_site2,NA,6.238,60.828,"Total ACSP as mean from before (1976) and after (1984, 1988, 1989) weir construction. 1976 and 1984 data from Fjellheim A., Raddum G.G. & Schnell O.A. (1989) Changes in benthic animal production of a weir basin after eight years of succession. Regulated Rivers: Research & Management, 3, 183-190. Insect group-specific data only from 1993 paper. Weir site.",NA,NA,Table 1 and Fjellheim et al. 1989 Table 3,937.9518717,2079.340312,0.026994223,1.302131283,9.078125,51.89444444,52.32222222,4,NA,2120224160,0,0.96,2.01,0,96.76,0,0.27,97,2566,170,10269,2210,7.967000008,23,856,9.862999916,21,0,52,52,50,50,Fjellheim et al. (1993),1993,Fjellheim et al. (1993),2.3,2.566,3.978553552763506,2120224160,NA,NA,NA,NA,NA,from posterior of brm_mean_sd_fi model,1.0340413759484752,0.06291306114153443,3127.3357101639717,0.05131079359170758,0.1989276776381753,2.2103866184328735,1.62363946180335,0.1531887159795161,0.25685118152396524,-0.7585862135097214,-0.7174559407462267,-0.6343327205362553,-0.5883736855898173,-0.6503225922785238,-0.6106492876002895,-1.128433800506292
79,3031.6926398343585,1803.2887613126202,0.0030316926398343586,0.0018032887613126203,79,3.4816851693906985,0.5667803807931919,no,10658.9,14155.6,1.2282541474488138,DM,mg_m2_y,52.4,148,738,11858,NA,NA,Fjellheim_EtAl_1993_Ekso_site3,NA,6.24,60.827,"Total ACSP as mean from before (1976) and after (1984, 1988, 1989) weir construction. 1976 and 1984 data from Fjellheim A., Raddum G.G. & Schnell O.A. (1989) Changes in benthic animal production of a weir basin after eight years of succession. Regulated Rivers: Research & Management, 3, 183-190. Insect group-specific data only from 1993 paper. Weir site.",NA,NA,Table 1 and Fjellheim et al. 1989 Table 3,946.0998641,2077.118984,0.027018777,1.306255709,8.957386364,51.90055249,52.32596685,4,NA,2120224160,0,0.93,1.97,0,96.83,0,0.27,97,2566,170,10269,2210,7.967000008,23,856,9.862999916,21,0,52,52,50,50,Fjellheim et al. (1993),1993,Fjellheim et al. (1993),2.3,2.566,3.978553552763506,2120224160,NA,NA,NA,NA,NA,from posterior of brm_mean_sd_fi model,0.9694170760053776,0.05898144459396976,3127.3357101639717,0.045781064326313216,0.1989276776381753,2.2103866184328735,1.62363946180335,0.1531887159795161,0.25685118152396524,-0.7585862135097214,-0.7174559407462267,-0.6343327205362553,-0.5883736855898173,-0.6503225922785238,-0.6106492876002895,-1.128433800506292
80,1105.3446346615915,657.4691569840752,0.0011053446346615916,6.574691569840752e-4,80,3.043497707519921,-0.12375568750705372,no,4748.675,5161.1,1.076668778773191,DM,mg_m2_y,177.55,446.15,667.5,1275.5,NA,NA,Fjellheim_EtAl_1993_Ekso_site5_ref,NA,6.245,60.826,"Total ACSP as mean from before (1976) and after (1984, 1988, 1989) weir construction. 1976 and 1984 data from Fjellheim A., Raddum G.G. & Schnell O.A. (1989) Changes in benthic animal production of a weir basin after eight years of succession. Regulated Rivers: Research & Management, 3, 183-190. Insect group-specific data only from 1993 paper. Reference site.",NA,NA,Table 1 and Fjellheim et al. 1989 Table 3,951.2681011,2074.082174,0.027328771,1.309692731,8.856770833,51.9010989,52.32417582,4,NA,2120224160,0,0.83,1.95,0,96.98,0,0.24,97,2566,170,10269,2210,7.967000008,23,856,9.862999916,21,0,52,52,50,50,Fjellheim et al. (1993),1993,Fjellheim et al. (1993),2.3,2.566,3.978553552763506,2120224160,NA,NA,NA,NA,NA,from posterior of brm_mean_sd_fi model,0.35344610783843106,0.021504310062173983,3127.3357101639717,0.020396044210918146,0.1989276776381753,2.2103866184328735,1.62363946180335,0.1531887159795161,0.25685118152396524,-0.7585862135097214,-0.7174559407462267,-0.6343327205362553,-0.5883736855898173,-0.6503225922785238,-0.6106492876002895,-1.128433800506292
81,3923.5553377356205,2878.728029493505,0.00392355533773562,0.002878728029493505,81,3.5936797822679813,0.7432717831644757,no,26000,18175.28890970708,6500.512780242077,DM,mg_m2_y,NA,NA,600,3300,NA,NA,Flossner_1976_Saale_Eichicht,NA,11.442,50.614,"Saale River, Germany. Eichicht station.",NA,NA,Table 9 and text above,371.9410461,383.9375022,0.031347024,1.257481443,21.08699926,58.17424242,59.28030303,9,NA,2120410890,25.99,52.27,11.88,0,1.2,7.98,0.67,168,628,43,399,177,123.2959976,79,322,1.455000043,38,25,184,195,186,200,Flossner (1976),1976,Flossner (1976),7.9,0.628,7.991429430265173,2120410890,18175.28890970708,0.782052342369607,3.8129476164652862,0.8317261653393667,0.12327849211669104,from posterior of brm_prop_insects_beta model,1.2545999858550207,0.09415659955041646,3127.3357101639717,0.11167265594800062,0.39957147151325867,-0.7653733705543623,-0.6754613715455697,-0.5449169204919012,-0.8149123035082784,-0.32639092694976396,0.43348195657538857,0.8286341512529309,1.179195018765809,0.8988128133873187,1.316578691111825,-0.42566394002491925
82,12047.55810086643,8978.962505319258,0.01204755810086643,0.008978962505319259,82,4.080899029418139,1.5110766443325323,no,82000,56694.68792697393,21149.70174532381,DM,mg_m2_y,2000,NA,6900,6300,NA,NA,Flossner_1976_Saale_Fischersdorf,NA,11.404,50.616,"Saale River, Germany. Fischersdorf station.",NA,NA,Table 9 and text above,347.0366071,381.7034959,0.031683134,1.266720142,20.54702405,57.57462687,58.79850746,9,NA,2120410780,23.96,50.48,13.66,0,0.61,11.19,0.1,169,614,61,259,177,107.9779968,79,313,20.8390007,47,20,147,171,106,166,Flossner (1976),1976,Flossner (1976),7.9,0.614,7.991429430265173,2120410780,56694.68792697393,1.6739659025603766,4.325304247300972,1.6641266032355184,0.40109194890071015,from posterior of brm_prop_insects_beta model,3.852339248936839,0.2936812954644755,3127.3357101639717,0.3521983764513865,0.39957147151325867,-0.7868700887410606,-0.7122865525612839,-0.5566827458256892,0.680640866037091,-0.09758165759449236,0.20329437711106552,0.4185601038574773,0.882540131321508,-0.012443307592588737,0.8797403492704123,-0.42566394002491925
83,6645.006823330155,4730.759342336229,0.006645006823330155,0.004730759342336229,83,3.8224954312280532,1.1038605091035432,no,46000,31164.558115380823,12206.795382806395,DM,mg_m2_y,NA,NA,4800,NA,NA,NA,Flossner_1976_Saale_Grossheringen,NA,11.67,51.104,"Saale River, Germany. Grossheringen station.",NA,NA,Table 9 and text above,207.609161,375.7604391,0.031874421,1.380287492,21.62562485,66.83941606,67.05109489,12,NA,2120400180,73.87,9.67,10.02,0,0.74,5.7,0,175,553,34,608,125,125.4300003,85,205,36.72499847,0,58,205,189,186,180,Flossner (1976),1976,Flossner (1976),8.5,0.553,8.568412897062547,2120400180,31164.558115380823,1.2048098281870423,4.0866016647447445,1.276318341785559,0.23149486498099295,from posterior of brm_prop_insects_beta model,2.12481403954606,0.15473230135050825,3127.3357101639717,0.19757469898492416,0.42842064485312736,-0.8805343608402459,-0.8831995280203999,-0.6978726498311444,1.0022149750384262,-1.292474508672022,1.9527199810399207,1.061378880855756,1.1050312969047336,0.8988128133873187,1.0596149606168763,-0.3246175576200647
84,9950.82130244272,7359.659857184663,0.00995082130244272,0.007359659857184664,84,3.9978589272179517,1.3802144205716023,no,66000,45835.927839076554,16668.68587434165,DM,mg_m2_y,500,NA,NA,1300,NA,NA,Flossner_1976_Saale_Maua,NA,11.606,50.869,"Saale River, Germany. Maua station.",NA,NA,Table 9 and text above,236.1402972,368.6220844,0.033186151,1.297366488,20.48718777,58.552,59.736,6,NA,2121124160,25.81,38.84,16.76,0,1.11,17.45,0.04,169,611,59,295,147,129.5890045,80,288,25.59900093,12,35,260,177,250,172,Flossner (1976),1976,Flossner (1976),8,0.611,8.085724861806632,2121124160,45835.927839076554,1.5072738789083058,4.221901362274408,1.4961330581233032,0.3161120560213871,from posterior of brm_prop_insects_beta model,3.181884589525242,0.24071761517607965,3127.3357101639717,0.2834767420218477,0.4042862430903316,-0.7914765283524959,-0.7202868491900158,-0.5893655939751001,0.7973556207431658,-0.9873954828649931,0.8938571155040346,1.6709484107679171,0.9567038531825832,1.6278177101712445,0.9568294684188969,-0.40915010075070796
85,10513.929933168933,7849.472328144388,0.010513929933168933,0.007849472328144388,85,4.021765078470927,1.41788793049802,no,71000,49301.59306064097,18061.696485545883,DM,mg_m2_y,NA,NA,NA,7500,NA,NA,Flossner_1976_Saale_Rothenstein,NA,11.605,50.848,"Saale River, Germany. Rothenstein station.",NA,NA,Table 9 and text above,234.7967657,366.9790731,0.033555843,1.2901307,19.33080373,58.63565891,59.80620155,6,NA,2121124160,30.18,36.12,15.48,0,2.13,16.09,0,169,611,59,295,147,129.5890045,80,288,25.59900093,12,35,260,177,250,172,Flossner (1976),1976,Flossner (1976),8,0.611,8.085724861806632,2121124160,49301.59306064097,1.5644195649500197,4.2567585399812815,1.5527637880500347,0.3425297023605753,from posterior of brm_prop_insects_beta model,3.361944769472053,0.25673825908910297,3127.3357101639717,0.30495225278107857,0.4042862430903316,-0.7914765283524959,-0.7202868491900158,-0.5893655939751001,0.7973556207431658,-0.9873954828649931,0.8938571155040346,1.6709484107679171,0.9567038531825832,1.6278177101712445,0.9568294684188969,-0.40915010075070796
86,3709.1826355879307,2749.7865237261913,0.0037091826355879305,0.0027497865237261915,86,3.569278217980876,0.7048175558544245,no,26000,17561.232955169522,6906.021901097395,DM,mg_m2_y,NA,NA,NA,1500,NA,NA,Flossner_1976_Saale_Stoben,NA,11.697999999999999,51.076,"Saale River, Germany. Stoben station.",NA,NA,Table 9 and text above,207.6095951,373.0929615,0.031719374,1.380754437,20.58809498,66.57857143,66.87142857,12,NA,2120400180,71.96,10.96,11.11,0,0.56,5.4,0,175,553,34,608,125,125.4300003,85,205,36.72499847,0,58,205,189,186,180,Flossner (1976),1976,Flossner (1976),8.5,0.553,8.568412897062547,2120400180,17561.232955169522,0.7551063071477476,3.839227951295605,0.8744225235091326,0.1309687397400096,from posterior of brm_prop_insects_beta model,1.1860519558335014,0.0899392182627174,3127.3357101639717,0.11167265594800062,0.42842064485312736,-0.8805343608402459,-0.8831995280203999,-0.6978726498311444,1.0022149750384262,-1.292474508672022,1.9527199810399207,1.061378880855756,1.1050312969047336,0.8988128133873187,1.0596149606168763,-0.3246175576200647
87,9732.590217642579,7255.290764429251,0.00973259021764258,0.00725529076442925,87,3.988228438163921,1.3650378109561951,no,67340,46428.036914295415,17605.92234735641,DM,mg_m2_y,4010,NA,37730,16160,NA,NA,Flossner_1982_Ilm_Buchfart,NA,11.333,50.921,"Ilm River, Germany, Buchfart station. Averaged across 1977 and 1978 data.",NA,NA,Table 5,336.7876712,421.8032932,0.0315516,1.317281261,31.24765563,60.58914729,61.06976744,12,NA,2121123330,39.09,40.69,7.85,0,0.7,11.65,0,173,573,45,559,146,179.776001,82,244,4.545000076,0,58,251,206,249,199,Flossner (1982),1982,Flossner (1982),8.2,0.573,8.276578282178694,2121123330,46428.036914295415,1.517336984432638,4.245658782026167,1.534730561140668,0.33388620754697224,from posterior of brm_prop_insects_beta model,3.1121027992010113,0.2373039412300415,3127.3357101639717,0.2892321789053216,0.4138289141089347,-0.849824763430677,-0.825168890934025,-0.6468874067180633,-0.18030106377613248,-1.292474508672022,1.9527199810399207,1.5712006695095635,1.3151618421777802,1.6164270086589956,1.3037305045870775,-0.3757261834152008
88,2929.987743342816,2244.667098760452,0.002929987743342816,0.002244667098760452,88,3.466865803627244,0.543426662443266,no,19010,13284.236930131816,5150.794436954789,DM,mg_m2_y,1150,NA,9250,4280,NA,NA,Flossner_1982_Ilm_Tannroda,NA,11.245,50.861,"Ilm River, Germany, Tannroda station. Averaged across 1977 and 1978 data.",NA,NA,Table 5,371.2320205,426.0312224,0.032123118,1.318731321,34.28055573,59.51094891,60.27737226,12,NA,2121124580,40.4,46.19,7.16,0,0.73,5.48,0.05,166,611,55,375,168,121.5139999,76,377,3.09800005,26,38,213,176,188,167,Flossner (1982),1982,Flossner (1982),7.6,0.611,7.7131404405488215,2121124580,13284.236930131816,0.5362743881345937,3.7118742179687887,0.6675172215985397,0.09768185877902089,from posterior of brm_prop_insects_beta model,0.9368958164037949,0.07341791894775444,3127.3357101639717,0.08164989190659583,0.38565702202744107,-0.7914765283524959,-0.7202868491900158,-0.47301465456319725,-0.3953306907978337,-0.6314699527567929,1.0319696631826285,1.1500435397520703,0.944343232872404,0.9215942164118163,0.8925885357951598,-0.47440033767253903
89,4972.783395145639,2957.865097773544,0.004972783395145639,0.002957865097773544,89,3.6965995426141407,0.9054621990116528,no,NA,23219,1.4048099472574223,DM,mg_m2_y,884,183,2550,4920,4482,NA,Gaines_EtAl_1992_DouglasCreek,38,-120,47.61,Values as dry mass (not ash free). Chironomus (not Chironomidae),NA,530,NA,747.7447115,206.5705376,0.039198181,1.233332992,21,66.13076923,68.19230769,5,NA,7120346110,40.92,0,0.01,0,58.94,0.13,0,208,247,37,416,136,2.638999939,82,663,2.895999908,10,67,22,28,32,42,Gaines et al. (1992),1992,Gaines et al. (1992),8.2,0.247,8.276578282178694,7120346110,NA,NA,NA,NA,NA,from posterior of brm_mean_sd_fi model,1.5901022007275665,0.09674499177479363,3127.3357101639717,NA,0.4138289141089347,-1.3503912012066517,-2.1996628264007896,-0.09912287173393623,-0.43303695438914475,-1.0382419871661646,2.367057624075702,-0.966825191397434,-0.8850285730341182,-0.8553552194990031,-0.713434779798269,-0.3757261834152008
90,3502.948729164589,2083.5754681701687,0.003502948729164589,0.0020835754681701687,90,3.544433780822159,0.6656654087768517,no,NA,16356,1.2689394814667223,DM,mg_m2_y,2554,NA,735,489,12570,NA,Gaines_EtAl_1992_RattlesnakeSprings,39,-119.72,46.46,NA,NA,350,NA,489.249053,228.7382495,0.03351713,1.307675749,19.19140625,72.12121212,73.52272727,2,NA,7120370720,6.6,0,0,0,93.4,0,0,212,219,66,807,35,0.303000003,100,447,0.435000002,84,4,20,57,23,59,Gaines et al. (1992),1992,Gaines et al. (1992),10,0.219,10.119801009965403,7120370720,NA,NA,NA,NA,NA,from posterior of brm_mean_sd_fi model,1.120106395287164,0.06814898072329785,3127.3357101639717,NA,0.5059900504982702,-1.3933846375800483,-2.3961868445519365,-0.38150267974484664,-1.4587475318728338,0.8430786719771799,-0.5333058771747683,-0.9889913561215126,-0.5265705840389213,-0.9578715331092427,-0.49501560887756263,-0.052924925966583616
91,3031.3642480530807,1803.0861811212228,0.003031364248053081,0.0018030861811212228,91,3.481638124231371,0.5667062427080543,no,NA,14154,1.2278296052098951,DM,mg_m2_y,7077,NA,1300,1390,4387,NA,Gaines_EtAl_1992_SnivelySprings,40,-119.79,46.49,NA,NA,40,NA,429.9293269,215.8075497,0.033871209,1.294433624,18.67578125,73.06976744,74.37984496,2,NA,7120370720,3.44,0,0,0,96.56,0,0,212,219,66,807,35,0.303000003,100,447,0.435000002,84,4,20,57,23,59,Gaines et al. (1992),1992,Gaines et al. (1992),10,0.219,10.119801009965403,7120370720,NA,NA,NA,NA,NA,from posterior of brm_mean_sd_fi model,0.9693120691203763,0.05897481865995904,3127.3357101639717,NA,0.5059900504982702,-1.3933846375800483,-2.3961868445519365,-0.38150267974484664,-1.4587475318728338,0.8430786719771799,-0.5333058771747683,-0.9889913561215126,-0.5265705840389213,-0.9578715331092427,-0.49501560887756263,-0.052924925966583616
92,3366.2448631759225,2485.745885858998,0.0033662448631759222,0.002485745885858998,92,3.5271457036951546,0.6384212682056326,no,22538,15441.536560146977,5822.112143709916,DM,mg_m2_y,NA,NA,NA,3234,2381,NA,Golovatyuk_2020_site1,NA,46.783333000000006,49.11666699999999,Saline river- Elton lake Russia,3.5-8.0,NA,NA,-10.80928309,161.7336162,0.032575824,1.312645555,22.55326758,75.59090909,76.375,9,NA,2120451170,0,0,0,0,93.53,0.01,6.46,243,298,1,42,3,2.786999941,79,0,0,0,2,76,72,73,74,Golovatyuk (2020),2020,Golovatyuk (2020),7.9,0.298,7.991429430265173,2120451170,15441.536560146977,0.6542558221282679,3.7650805664283395,0.7539589402981636,0.11041301359984491,from posterior of brm_prop_insects_beta model,1.076393830133262,0.08130305383523864,3127.3357101639717,0.09680301229830915,0.39957147151325867,-1.2720817278122507,-1.8930669934633146,-0.965872004656314,-2.750583969082778,-1.292474508672022,-0.6253809089604975,-0.36833874384731236,-0.34116127938623325,-0.3883364574968005,-0.3022928110063512,-0.42566394002491925
93,16814.42206133153,11797.984047719272,0.01681442206133153,0.011797984047719272,93,4.2256819445089295,1.739238866311688,no,116665,80235.62935992092,30451.360951413088,DM,mg_m2_y,NA,NA,NA,108154,8505,NA,Golovatyuk_2020_site2,NA,47.783333000000006,50.11666699999999,Saline river- Elton lake Russia,5.0-35.0,NA,NA,32.15446429,125.3958407,0.033798245,1.283332944,27.33333206,74.54609929,74.91489362,9,NA,2121132890,0.04,0,0,0,99.96,0,0,235,297,1,39,40,1.751000047,68,32,0.210999995,0,5,66,66,69,69,Golovatyuk (2020),2010,Golovatyuk (2020),6.8,0.297,7.005600587956387,2121132890,80235.62935992092,1.9462455522832134,4.483606707165307,1.9213127680679785,0.5774925744937146,from posterior of brm_prop_insects_beta model,5.376596444917619,0.3858850325915484,3127.3357101639717,0.5010880925451343,0.3502800293978193,-1.2736172076827292,-1.898557387303741,-0.924037959025068,-1.8110425725631147,-1.292474508672022,-0.48726836128190365,-0.4791695674677052,-0.4153250012473085,-0.4338992635457959,-0.36653374363008834,-0.5983108942584472
94,356.842267499481,212.2465543869124,3.5684226749948096e-4,2.122465543869124e-4,94,2.5524762903638147,-0.8975523575591619,no,2061,1666.2,1.023846670600383,DM,mg_m2_y,38.4,440.3,470.8,NA,716.7,NA,Griffith_EtAl_1994_FernowExperimentalForest_WS3,42,-79.67999999999999,39.05,No chironomids; mostly shredders,2,NA,NA,752.0815678,2706.76175,0.029525843,1.333333015,22.33333206,44.59649123,45.3245614,6,NA,7120561640,1.02,93.93,3.84,0,0.06,1.15,0,209,1239,105,1207,677,4.40899992,98,569,38.0340004,100,8,115,60,108,57,Griffith et al. (1994),1994,Griffith et al. (1994),9.8,1.239,9.904776090550095,7120561640,NA,NA,NA,NA,NA,from posterior of brm_mean_sd_fi model,0.11410424098050258,0.00694209860140221,3127.3357101639717,0.008852205534954971,0.4952388045275048,0.17280483030797067,0.4344597638268558,-0.22201038077572133,1.0221008945769672,1.2498507063865516,-0.34915581360330983,0.06390146827221997,-0.4894887231083837,0.010338095431908946,-0.5207119819270575,-0.09058196725827546
95,266.28349516519785,158.3919363811817,2.662834951651978e-4,1.583919363811817e-4,95,2.4253442487490515,-1.0978987111422571,no,1557,1243.3,1.0176712544735707,DM,mg_m2_y,73.2,645.8,247.7,NA,276.6,NA,Griffith_EtAl_1994_FernowExperimentalForest_WS4,43,-79.67999999999999,39.05,NA,2,NA,NA,752.0815678,2706.76175,0.029525843,1.333333015,22.33333206,44.59649123,45.3245614,6,NA,7120561640,1.02,93.93,3.84,0,0.06,1.15,0,209,1239,105,1207,677,4.40899992,98,569,38.0340004,100,8,115,60,108,57,Griffith et al. (1994),1994,Griffith et al. (1994),9.8,1.239,9.904776090550095,7120561640,NA,NA,NA,NA,NA,from posterior of brm_mean_sd_fi model,0.08514707720689063,0.005180637411058915,3127.3357101639717,0.0066874740504244985,0.4952388045275048,0.17280483030797067,0.4344597638268558,-0.22201038077572133,1.0221008945769672,1.2498507063865516,-0.34915581360330983,0.06390146827221997,-0.4894887231083837,0.010338095431908946,-0.5207119819270575,-0.09058196725827546
96,190.18444879138434,113.1305659143432,1.9018444879138435e-4,1.131305659143432e-4,96,2.27917500219021,-1.3282456416414177,no,3772,888,1.0124967522646,DM,mg_m2_y,79.2,260.1,83.5,NA,465.2,NA,Griffith_EtAl_1994_NorthForkHickmanSlideRun,44,-79.66,39.32,NA,2,NA,NA,595.5285088,2868.556762,0.030532482,1.353303432,22.15178517,48.09482759,48.3362069,6,1.250933278,7121078250,1.02,90.64,7.59,0,0.43,0.32,0,206,1261,108,1227,661,6.760000229,93,592,56.20500183,100,9,146,65,158,63,Griffith et al. (1994),1994,Griffith et al. (1994),9.3,1.261,9.377696152824678,7121078250,NA,NA,NA,NA,NA,from posterior of brm_mean_sd_fi model,0.06081356989378433,0.0037002416631844726,3127.3357101639717,0.016201125316763782,0.46888480764123386,0.20658538745849658,0.4632081810156198,-0.19194216047826326,1.2438959556878744,1.2498507063865516,-0.3031182977104452,0.40747702149543796,-0.4276856215574877,0.5798731710443511,-0.44362286277857294,-0.18288880793943693
97,227.16376033518483,135.1132477031904,2.2716376033518485e-4,1.3511324770319042e-4,97,2.3563390491261607,-1.2066434457278326,no,1189,1060.6,1.0150792855146382,DM,mg_m2_y,60.7,906.8,90.7,NA,2.4,NA,Griffith_EtAl_1994_SouthForkRedRun,45,-79.513,39.053,NA,2.7,NA,NA,998.8459052,2398.642848,0.026732497,1.333333015,22.33333206,40.97413793,42.00862069,6,NA,7120563080,1.59,94.61,3.25,0,0.51,0.04,0,189,1313,115,1560,634,2.164000034,82,926,17.70700073,100,5,48,40,48,38,Griffith et al. (1994),1994,Griffith et al. (1994),8.2,1.313,8.276578282178694,7120563080,NA,NA,NA,NA,NA,from posterior of brm_mean_sd_fi model,0.07263811160307898,0.004419244828829437,3127.3357101639717,0.005106876458545105,0.4138289141089347,0.286430340723376,0.529212742283173,0.24470069079786672,0.5882825822594328,1.2498507063865516,-0.48726836128190365,-0.6786650499844125,-0.7367011293119677,-0.6731039953030216,-0.7648275258972587,-0.3757261834152008
98,1010.1218991639784,721.4077231152268,0.0010101218991639784,7.214077231152267e-4,98,3.0043737865943156,-0.18541075727357437,no,6666.666666666667,4763.733162166106,1683.1149914172427,DM,mg_m2_y,NA,NA,NA,NA,NA,NA,Grubaugh_EtAl_1997_BallCreek1_M1,46,-83.4,35.06,"table 7 has some taxonomic info in terms of relative contribution to production. But it only has the top 3 taxa. Columns only sum to ~85-95%. Hence, I did not try to estimate insect only production. Probably same site as used earlier in Huryn and Wallace (1987).",NA,NA,table 8,760.1498843,5257.492884,0.022305619,1.399999976,24,50.95412844,51.44954128,4,NA,7120656310,2,87.59,9.13,0,0.61,0.67,0,213,1763,124,1945,939,32.67399979,120,838,10.92099953,100,4,73,87,78,82,Grubaugh et al. (1997),1997,Grubaugh et al. (1997),12,1.763,12.374255626353508,7120656310,4763.733162166106,-0.267773325813566,3.2261137882467485,-0.12167368582415476,0.03191930932457734,from posterior of brm_prop_insects_beta model,0.3229975905308279,0.02359559409642778,3127.3357101639717,0.028634014345641185,0.6187127813176754,0.9773962824386785,1.0105767308471947,0.12965706531194024,0.3145077679721723,1.2498507063865516,-0.5333058771747683,-0.40158799093343023,-0.15575197473354518,-0.33138294993555634,-0.19950731880837175,0.3418948503199049
99,990.0449332122358,610.0746793692749,9.900449332122358e-4,6.10074679369275e-4,99,2.9956549055099684,-0.19915077128095385,no,6666.666666666667,4613.857381683474,704.1700882913054,DM,mg_m2_y,NA,NA,NA,NA,NA,NA,Grubaugh_EtAl_1997_BallCreek1_S1,47,-83.46000000000001,35.04,"table 7 has some taxonomic info in terms of relative contribution to production. But it only has the top 3 taxa. Columns only sum to ~85-95%. Hence, I did not try to estimate insect only production.",NA,NA,NA,1100.644676,4894.024365,0.019583299,1.399999976,24,48.61111111,49.28703704,4,NA,7121124440,0,99.64,0.27,0,0.03,0.06,0,210,1836,137,767,909,3.417000055,117,893,5.153999805,100,1,38,38,48,48,Grubaugh et al. (1997),1997,Grubaugh et al. (1997),11.7,1.836,12.026531547950034,7121124440,4613.857381683474,-0.2928363592714824,2.8476775731824313,-0.7365002581308278,0.01335418137198041,from posterior of brm_prop_insects_beta model,0.3165777597827277,0.019954145265792343,3127.3357101639717,0.028634014345641185,0.6013265773975017,1.0894863129836052,1.0768472905051294,0.2015593312406443,-0.1095389858527086,1.2498507063865516,-0.6714184248533621,-0.7894958736048053,-0.7614223699323261,-0.6731039953030216,-0.6363456606497844,0.2809983736968197
100,852.5532513416911,610.9281782675727,8.525532513416911e-4,6.109281782675726e-4,100,2.930721514986031,-0.3014787749220698,no,5555.555555555556,3965.5037689809647,1409.2571419248256,DM,mg_m2_y,NA,NA,NA,NA,NA,NA,Grubaugh_EtAl_1997_BallCreek2_M2,48,-83.4,35.05,"table 7 has some taxonomic info in terms of relative contribution to production. But it only has the top 3 taxa. Columns only sum to ~85-95%. Hence, I did not try to estimate insect only production.",NA,NA,NA,778.6417411,5266.861498,0.021981305,1.399999976,24,50.75675676,51.26126126,4,NA,7120656310,1.23,89.87,8.05,0,0.31,0.54,0,213,1763,124,1945,939,32.67399979,120,838,10.92099953,100,4,73,87,78,82,Grubaugh et al. (1997),1997,Grubaugh et al. (1997),12,1.763,12.374255626353508,7120656310,3965.5037689809647,-0.4115613799597333,3.1489902444435702,-0.2469724870305689,0.026725752465130984,from posterior of brm_prop_insects_beta model,0.2726132818331135,0.0199820612596481,3127.3357101639717,0.023861678621367653,0.6187127813176754,0.9773962824386785,1.0105767308471947,0.12965706531194024,0.3145077679721723,1.2498507063865516,-0.5333058771747683,-0.40158799093343023,-0.15575197473354518,-0.33138294993555634,-0.19950731880837175,0.3418948503199049
101,1464.4382379083238,887.300071946706,0.0014644382379083237,8.87300071946706e-4,101,3.1656710602093407,0.0687763084040719,no,8888.888888888889,6896.3101708196555,922.2004628736945,DM,mg_m2_y,NA,NA,NA,NA,NA,NA,Grubaugh_EtAl_1997_BallCreek2_S2,49,-83.45,35.04,"table 7 has some taxonomic info in terms of relative contribution to production. But it only has the top 3 taxa. Columns only sum to ~85-95%. Hence, I did not try to estimate insect only production.",NA,NA,NA,1045.471644,4961.599527,0.019511943,1.399999976,24,48.83333333,49.5,4,NA,7121121760,0.08,98.93,0.77,0,0.09,0.13,0,196,1912,145,820,952,3.895999908,102,1192,4.573999882,100,1,51,51,53,53,Grubaugh et al. (1997),1997,Grubaugh et al. (1997),10.2,1.912,10.33707109918169,7121121760,6896.3101708196555,0.022278240868186427,2.9648253358658665,-0.546176091159094,0.017489002227321197,from posterior of brm_prop_insects_beta model,0.46827023819311703,0.029021552817561923,3127.3357101639717,0.03817868579418824,0.5168535549590845,1.2061827831399674,1.143098467775465,0.592446195107599,-0.17672407277586574,1.2498507063865516,-0.6714184248533621,-0.6454158028982946,-0.6007343058999965,-0.6161504877417774,-0.5721047280260473,-0.014874690936546383
102,2193.832450444802,1584.4924894089822,0.002193832450444802,0.0015844924894089824,102,3.341203456134832,0.3453963879111762,no,14444.444444444443,10304.590014768777,3658.9839751632685,DM,mg_m2_y,NA,NA,NA,NA,NA,NA,Grubaugh_EtAl_1997_BallCreek3_M3,50,-83.4,35.06,"table 7 has some taxonomic info in terms of relative contribution to production. But it only has the top 3 taxa. Columns only sum to ~85-95%. Hence, I did not try to estimate insect only production.",NA,NA,NA,760.1498843,5257.492884,0.022305619,1.399999976,24,50.95412844,51.44954128,4,NA,7120656310,2,87.59,9.13,0,0.61,0.67,0,213,1763,124,1945,939,32.67399979,120,838,10.92099953,100,4,73,87,78,82,Grubaugh et al. (1997),1997,Grubaugh et al. (1997),12,1.763,12.374255626353508,7120656310,10304.590014768777,0.3371424696322618,3.563360507460533,0.4262343529470346,0.06939053000684448,from posterior of brm_prop_insects_beta model,0.7015020623832467,0.05182511973601522,3127.3357101639717,0.06204036441555589,0.6187127813176754,0.9773962824386785,1.0105767308471947,0.12965706531194024,0.3145077679721723,1.2498507063865516,-0.5333058771747683,-0.40158799093343023,-0.15575197473354518,-0.33138294993555634,-0.19950731880837175,0.3418948503199049
103,875.4778273820441,632.7131123326643,8.754778273820441e-4,6.327131123326644e-4,103,2.9422451514844954,-0.2833187695987828,no,5555.555555555556,3969.419072279303,1408.560495202733,DM,mg_m2_y,NA,NA,NA,NA,NA,NA,Grubaugh_EtAl_1997_BallCreek3_S3,51,-83.42,35.06,"table 7 has some taxonomic info in terms of relative contribution to production. But it only has the top 3 taxa. Columns only sum to ~85-95%. Hence, I did not try to estimate insect only production.",NA,NA,NA,833.7522523,5178.017371,0.02109463,1.399999976,24,50.37037037,50.90740741,4,NA,7120656310,0.83,91.63,6.72,0,0.37,0.45,0,213,1763,124,1945,939,32.67399979,120,838,10.92099953,100,4,73,87,78,82,Grubaugh et al. (1997),1997,Grubaugh et al. (1997),12,1.763,12.374255626353508,7120656310,3969.419072279303,-0.4107876682003508,3.1487755039086127,-0.24732136534027505,0.026712540960078853,from posterior of brm_prop_insects_beta model,0.2799436672362051,0.020694596550229184,3127.3357101639717,0.023861678621367653,0.6187127813176754,0.9773962824386785,1.0105767308471947,0.12965706531194024,0.3145077679721723,1.2498507063865516,-0.5333058771747683,-0.40158799093343023,-0.15575197473354518,-0.33138294993555634,-0.19950731880837175,0.3418948503199049
104,3613.8802868202283,2541.269796958405,0.0036138802868202285,0.0025412697969584056,104,3.557973762050453,0.687002955411179,no,23333.333333333336,16675.29304260948,5911.506340695923,DM,mg_m2_y,NA,NA,NA,NA,NA,NA,Grubaugh_EtAl_1997_CoweetaCreek_M4,52,-83.39,35.07,"table 7 has some taxonomic info in terms of relative contribution to production. But it only has the top 3 taxa. Columns only sum to ~85-95%. Hence, I did not try to estimate insect only production.",NA,NA,NA,734.4230324,5262.967281,0.022890769,1.399999976,24,51.55855856,51.92792793,4,NA,7120656310,2.8,83.61,11.75,0,0.94,0.9,0,213,1763,124,1945,939,32.67399979,120,838,10.92099953,100,4,73,87,78,82,Grubaugh et al. (1997),1997,Grubaugh et al. (1997),12,1.763,12.374255626353508,7120656310,16675.29304260948,0.7145210779082073,3.7716981597468404,0.764710216352021,0.11210832321325159,from posterior of brm_prop_insects_beta model,1.155577981306889,0.08311911377883104,3127.3357101639717,0.10021905020974414,0.6187127813176754,0.9773962824386785,1.0105767308471947,0.12965706531194024,0.3145077679721723,1.2498507063865516,-0.5333058771747683,-0.40158799093343023,-0.15575197473354518,-0.33138294993555634,-0.19950731880837175,0.3418948503199049
105,1177.9663252717628,835.9595557916207,0.0011779663252717628,8.359595557916207e-4,105,3.0711328753766423,-0.08020565054998276,no,7777.777777777778,5538.016199713568,1975.1229091354119,DM,mg_m2_y,NA,NA,NA,NA,NA,NA,Grubaugh_EtAl_1997_CoweetaCreek_M5,53,-83.38,35.08,"table 7 has some taxonomic info in terms of relative contribution to production. But it only has the top 3 taxa. Columns only sum to ~85-95%. Hence, I did not try to estimate insect only production.",NA,NA,NA,732.5301136,5248.861258,0.023319649,1.399999976,24,51.90909091,52.26363636,4,NA,7120656310,3.33,79.8,14.39,0,1.53,0.95,0,213,1763,124,1945,939,32.67399979,120,838,10.92099953,100,4,73,87,78,82,Grubaugh et al. (1997),1997,Grubaugh et al. (1997),12,1.763,12.374255626353508,7120656310,5538.016199713568,-0.14969640411043622,3.2955941263414195,-0.008792422316657044,0.03745707180569196,from posterior of brm_prop_insects_beta model,0.3766676923885475,0.027342322139707102,3127.3357101639717,0.033406350069914714,0.6187127813176754,0.9773962824386785,1.0105767308471947,0.12965706531194024,0.3145077679721723,1.2498507063865516,-0.5333058771747683,-0.40158799093343023,-0.15575197473354518,-0.33138294993555634,-0.19950731880837175,0.3418948503199049
106,3667.9794087507694,2640.516642524036,0.0036679794087507694,0.0026405166425240356,106,3.5644268889688075,0.6971723857993015,no,24444.444444444445,17440.410617235622,6181.125004430007,DM,mg_m2_y,NA,NA,NA,NA,NA,NA,Grubaugh_EtAl_1997_LittleTennesseeRiver_R1,54,-83.38,35.09,"table 7 has some taxonomic info in terms of relative contribution to production. But it only has the top 3 taxa. Columns only sum to ~85-95%. Hence, I did not try to estimate insect only production.",NA,NA,NA,727.9904279,5222.208681,0.023567282,1.399999976,24,52.1875,52.5,4,NA,7120656310,4.13,76.74,16.1,0,1.99,1.04,0,213,1763,124,1945,939,32.67399979,120,838,10.92099953,100,4,73,87,78,82,Grubaugh et al. (1997),1997,Grubaugh et al. (1997),12,1.763,12.374255626353508,7120656310,17440.410617235622,0.7496935694415122,3.791067526666604,0.7961786673008937,0.11722148634903996,from posterior of brm_prop_insects_beta model,1.1728767707380066,0.08636525075280883,3127.3357101639717,0.10499138593401768,0.6187127813176754,0.9773962824386785,1.0105767308471947,0.12965706531194024,0.3145077679721723,1.2498507063865516,-0.5333058771747683,-0.40158799093343023,-0.15575197473354518,-0.33138294993555634,-0.19950731880837175,0.3418948503199049
107,25891.314219509135,18670.24463871011,0.025891314219509135,0.01867024463871011,107,4.413154095386398,2.0346747088390456,no,171111.11111111112,120789.53834387907,44264.167765094666,DM,mg_m2_y,NA,NA,NA,NA,NA,NA,Grubaugh_EtAl_1997_LittleTennesseeRiver_R2,55,-83.39,35.230000000000004,"table 7 has some taxonomic info in terms of relative contribution to production. But it only has the top 3 taxa. Columns only sum to ~85-95%. Hence, I did not try to estimate insect only production.",NA,NA,NA,677.6863426,4786.526322,0.024707378,1.399999976,24,52.25,52.52678571,4,NA,7121120340,4.34,65.7,23.29,0,4.13,2.37,0.18,212,1647,127,1842,967,34.06200027,117,841,33.69599915,100,4,45,86,52,86,Grubaugh et al. (1997),1997,Grubaugh et al. (1997),11.7,1.647,12.026531547950034,7121120340,120789.53834387907,2.2669735267182696,4.646052303223555,2.1852300810392875,0.8394445240484402,from posterior of brm_prop_insects_beta model,8.27903257567177,0.6106609342545758,3127.3357101639717,0.7349397015381237,0.6013265773975017,0.7992806174631782,0.8994057925536953,0.13357900708986956,0.9533437588077475,1.2498507063865516,-0.5333058771747683,-0.7119142970705303,-0.1681125950437244,-0.6275411892540262,-0.14811457270938203,0.2809983736968197
108,20918.788928741913,15413.316491225343,0.020918788928741914,0.015413316491225343,108,4.320536537901294,1.888719450949452,no,134444.44444444444,96121.25835812207,34860.62793478428,DM,mg_m2_y,NA,NA,NA,NA,NA,NA,Grubaugh_EtAl_1997_LittleTennesseeRiver_R3,56,-83.52,35.33,"table 7 has some taxonomic info in terms of relative contribution to production. But it only has the top 3 taxa. Columns only sum to ~85-95%. Hence, I did not try to estimate insect only production.",NA,NA,NA,706.1136364,4563.577646,0.026035947,1.333333015,22.33333206,49.68181818,49.94545455,4,NA,7120651090,0.15,96.43,3.11,0,0.03,0.15,0.13,213,1599,129,1740,959,31.53000069,118,793,37.59700012,100,1,51,83,59,83,Grubaugh et al. (1997),1997,Grubaugh et al. (1997),11.8,1.599,12.142165889905097,7120651090,96121.25835812207,2.087872922883136,4.542335205670007,2.01672605039939,0.6611117909195409,from posterior of brm_prop_insects_beta model,6.689012906658846,0.5041342751866269,3127.3357101639717,0.5774526226370972,0.6071082944952548,0.7255775836802126,0.8510949695729972,0.07082793864300058,1.015539170314005,1.2498507063865516,-0.6714184248533621,-0.6454158028982946,-0.205194455974262,-0.5478062786682844,-0.18665913228362432,0.30124926927478324
109,30573.83171481337,22864.90672254074,0.030573831714813367,0.02286490672254074,109,4.485349870794057,2.1484474459343716,no,202111.11111111112,143219.90631343488,52730.30736041874,DM,mg_m2_y,NA,NA,NA,3333.3333333333335,NA,NA,Grubaugh_Wallace_1995_MiddleOconeeRiver,57,-83.40609900000001,33.927,"Middle Oconee River, Georgia, USA. Same site used by Nelson and Scott (1962), with somewhat different methods and decades later.",60,1030,Table 6,212.6244213,4953.042137,0.028378115,1.377589004,22.68749891,53.74193548,53.72043011,4,NA,7120684080,0.94,43.73,22.34,0,3.91,29.02,0.07,262,1248,23,1217,420,184.1289978,163,216,18.97100067,78,20,306,227,318,268,Grubaugh and Wallace (1995),1995,Grubaugh and Wallace (1995),16.3,1.248,17.35348534468586,7120684080,143219.90631343488,2.400516681389938,4.722060302803961,2.3087165128068343,1,from posterior of brm_prop_insects_beta model,9.776319061444903,0.7478587223158697,3127.3357101639717,0.8680878682453552,0.8676742672342931,0.18662414914227674,0.44628170177521675,-0.6834921966454036,0.6273788360581785,0.6905391590736655,0.20329437711106552,2.1807701994217243,1.5747348686915434,2.4023854130041657,2.19025537479465,1.2139010327378108
110,323.69435023033105,192.54288336683027,3.2369435023033103e-4,1.925428833668303e-4,110,2.5101351192814603,-0.9642774657619599,no,1511.333333,1511.333333,1.0216025994789661,DM,mg_m2_y,98.24534777,0,74.45709712,508.2219693,830.4089191,NA,Gucker_EtAl_2024_Calcada_dos_Escravos,NA,-44.16702,-21.0745,Average of three natural (not urban or agricultural) stream reaches.,103.3333333,NA,Production from Table S2; widths from Table 2; Lat/Long from Figure S1.,1018.763963,6759.16417,0.017243734,1.373332977,38.66666794,52.01098901,52.02197802,4,NA,6120726520,6.44,20.69,29.09,0,41.08,2.7,0,223,1483,59,10854,496,55.32099915,197,1007,9.291999817,1,8,144,121,139,123,Gucker et al. (2024),2024,Gucker et al. (2024),19.7,1.483,20.708752129861008,6120726520,NA,NA,NA,NA,NA,from posterior of brm_mean_sd_fi model,0.10350482974319351,0.006297636657479902,3127.3357101639717,0.006491331050725155,1.0354376064930504,0.5474619187047125,0.7280820823757752,0.3505931188019581,0.22312049687474347,-1.2670512565214362,-0.34915581360330983,0.3853108567713594,0.26450911581254777,0.36344984231162303,0.32726832870627287,1.8015046473214122
111,6.276047027183889,3.738613741598055,6.276047027183889e-6,3.738613741598055e-6,111,0.7976861891484784,-3.6629118500742073,no,353.3333333,29.33901319,1.0003927456590156,DM,mg_m2_y,0,0,0,29.33901319,0,NA,Gucker_EtAl_2024_Carandai,NA,-43.93121,-20.988539999999993,Average of three agricultural stream reaches.,165,NA,Production from Table S2; widths from Table 2; Lat/Long from Figure S1.,1075.180263,6581.352056,0.017017217,1.37048618,26.13888868,52.35416667,52.22916667,4,NA,6121254760,24.25,12.86,23.87,0,39,0,0.01,218,1478,58,11668,479,60.79199982,192,1068,5.622000217,10,9,108,123,76,125,Gucker et al. (2024),2024,Gucker et al. (2024),19.2,1.478,20.26850113356835,6121254760,NA,NA,NA,NA,NA,from posterior of brm_mean_sd_fi model,0.002006835085464753,1.2228149145553956e-4,3127.3357101639717,0.0015176027601758125,1.0134250566784175,0.5397845193523202,0.7225657291771782,0.43033926828652075,-0.06057796807691591,-1.0382419871661646,-0.3031182977104452,-0.013680108262055063,0.2892303564329062,-0.354164352960054,0.3529647017557677,1.7244040489759684
112,42.9608057708766,25.546933008874262,4.29608057708766e-5,2.554693300887426e-5,112,1.6330724183750098,-2.3464334648200538,no,206.6666667,200.5940971,1.0027691464512403,DM,mg_m2_y,0,0,68.66821532,26.64547877,105.280403,NA,Gucker_EtAl_2024_Oficina,NA,-44.13262,-21.09599,Average of three agricultural stream reaches.,69,NA,Production from Table S2; widths from Table 2; Lat/Long from Figure S1.,1005.544271,6768.744347,0.017588039,1.373332977,38.66666794,52.11340206,52.13402062,4,NA,6120726520,0.75,30.88,32.3,0,33.4,2.67,0,223,1483,59,10854,496,55.32099915,197,1007,9.291999817,1,8,144,121,139,123,Gucker et al. (2024),2024,Gucker et al. (2024),19.7,1.483,20.708752129861008,6120726520,NA,NA,NA,NA,NA,from posterior of brm_mean_sd_fi model,0.01373719029628069,8.355816584316608e-4,3127.3357101639717,8.876544448580468e-4,1.0354376064930504,0.5474619187047125,0.7280820823757752,0.3505931188019581,0.22312049687474347,-1.2670512565214362,-0.34915581360330983,0.3853108567713594,0.26450911581254777,0.36344984231162303,0.32726832870627287,1.8015046473214122
113,4155.633315764958,2471.7907374471542,0.004155633315764958,0.0024717907374471543,113,3.6186372193554077,0.7826020059134884,no,31557,19403.62133,1.3259695720827323,DM,mg_m2_y,0,0,0,19403.62133,0,NA,Gucker_EtAl_2024_Prados,NA,-44.07694,-21.05731,Average of three urban stream reaches.,242.6666667,NA,Production from Table S2; widths from Table 2; Lat/Long from Figure S1.,1046.033203,6697.690369,0.017282865,1.373332977,38.66666794,52.5,52.39130435,4,NA,6120726520,1.44,17.97,30.48,0,48.13,1.97,0,223,1483,59,10854,496,55.32099915,197,1007,9.291999817,1,8,144,121,139,123,Gucker et al. (2024),2024,Gucker et al. (2024),19.7,1.483,20.708752129861008,6120726520,NA,NA,NA,NA,NA,from posterior of brm_mean_sd_fi model,1.3288094726316002,0.08084661289770702,3127.3357101639717,0.1355405386058098,1.0354376064930504,0.5474619187047125,0.7280820823757752,0.3505931188019581,0.22312049687474347,-1.2670512565214362,-0.34915581360330983,0.3853108567713594,0.26450911581254777,0.36344984231162303,0.32726832870627287,1.8015046473214122
114,28144.24694875234,16740.398367045742,0.028144246948752342,0.01674039836704574,114,4.44938963280163,2.0917779984508322,no,134165.6667,131411.4964,7.084958796186835,DM,mg_m2_y,0,0,0,131411.4964,0,NA,Gucker_EtAl_2024_Ritapolis,NA,-44.33454,-21.02722,Average of three urban stream reaches.,95,NA,Production from Table S2; widths from Table 2; Lat/Long from Figure S1.,993.6295103,6734.436849,0.016327137,1.373332977,38.66666794,51.65656566,51.65656566,3,NA,6120726340,0.4,14.8,38.79,0,44.36,1.66,0,221,1602,67,6676,533,16.96100044,196,981,7.981999874,1,8,48,52,74,82,Gucker et al. (2024),2024,Gucker et al. (2024),19.6,1.602,20.622299827373915,6120726340,NA,NA,NA,NA,NA,from posterior of brm_mean_sd_fi model,8.999432602416928,0.5475400834019384,3127.3357101639717,0.5762552437470471,1.0311149913686957,0.730184023291648,0.8541566211340732,0.31660295672657074,0.13721881856174478,-1.2670512565214362,-0.34915581360330983,-0.6786650499844125,-0.5883736855898173,-0.37694575598455166,-0.19950731880837175,1.7863643652863315
115,2656.8168031252,1580.3043226782665,0.0026568168031252,0.0015803043226782665,115,3.4243616093087406,0.4764446472444269,no,13880.33333,12405.24746,1.1975668438691267,DM,mg_m2_y,1251.372846,567.546648,8191.364926,256.1874801,2138.775563,NA,Gucker_EtAl_2024_Sumidouro,NA,-44.158370000000005,-21.09599,Average of three natural (not urban or agricultural) stream reaches.,119.6666667,NA,Production from Table S2; widths from Table 2; Lat/Long from Figure S1.,999.8977865,6788.776906,0.017679759,1.373332977,38.66666794,52.10416667,52.10416667,4,NA,6120726520,1.9,22.63,34,0,37.52,3.95,0,223,1483,59,10854,496,55.32099915,197,1007,9.291999817,1,8,144,121,139,123,Gucker et al. (2024),2024,Gucker et al. (2024),19.7,1.483,20.708752129861008,6120726520,NA,NA,NA,NA,NA,from posterior of brm_mean_sd_fi model,0.849546402866323,0.051688134396075426,3127.3357101639717,0.05961744955402522,1.0354376064930504,0.5474619187047125,0.7280820823757752,0.3505931188019581,0.22312049687474347,-1.2670512565214362,-0.34915581360330983,0.3853108567713594,0.26450911581254777,0.36344984231162303,0.32726832870627287,1.8015046473214122
116,3150,2103.9170239861232,0.00315,0,116,3.4983105537896004,0.5929801892673641,yes,NA,NA,NA,DM,mg_m2_y,NA,NA,NA,NA,NA,3150,Gumbel_1976_Breitenbach_StreamSpring,NA,7.594246838999999,49.5458468,Emergence from Table 5 in Jackson and Fisher (1986). Averaged stream and spring values. Coordinates from google maps.,NA,NA,Table 5,342.254946,254.5035373,0.033438828,1.251645833,30.89166689,62.91791045,62.92537313,4,NA,2120438400,38.98,32.21,21.1,0,2.5,5.21,0,168,689,63,290,256,184.2839966,84,316,6.511000156,13,40,203,241,165,206,Gumbel (1976),1976,Gumbel (1976),8.4,0.689,8.4704037332856,2120438400,NA,NA,NA,NA,NA,from posterior of brm_mean_sd_fi model,1.0072471560256127,0.0688143064176922,3127.3357101639717,NA,0.42352018666428004,-0.6717090984551768,-0.5240442560274352,-0.5527608040477598,0.022204843715904816,-0.9619722307144074,1.1240446949683576,1.0392127161316775,1.7477835530340524,0.659608081630093,1.3936678102603095,-0.3417817781083154
117,2320,1548.9263227821746,0.00232,0,117,3.3654879848909,0.38366617987680024,yes,NA,NA,NA,DM,mg_m2_y,NA,NA,NA,NA,NA,2320,Gumbel_1976_Kalkbach_StreamSpring,NA,13.0040012,50.92914797,Emergence from Table 5 in Jackson and Fisher (1986). Averaged stream and spring values. Coordinates from google maps.,NA,NA,Table 5,300.7512931,432.5844367,0.03500527,1.333383393,18.99489632,59.05932203,60.24576271,4,0.098851937,2120401640,56.24,15.52,10.43,0,2.81,14.98,0.02,173,609,51,378,223,158.7299957,81,271,16.85400009,4,64,224,204,222,190,Gumbel (1976),1976,Gumbel (1976),8.1,0.609,8.180776627914499,2120401640,NA,NA,NA,NA,NA,from posterior of brm_mean_sd_fi model,0.7418455244379115,0.050661831896971626,3127.3357101639717,NA,0.40903883139572494,-0.7945474880934528,-0.7256422331009037,-0.6115899307166995,0.5602926986480928,-1.190781500069679,2.228945076397108,1.2719574457345026,1.2904406015574217,1.308878067828277,1.1880968258643507,-0.392503805563596
118,956.3601317861447,568.8430907194902,9.563601317861448e-4,5.688430907194902e-4,118,2.9806214631921946,-0.22284185113708055,no,4633.333333333334,4465.455555555555,1.066163593137751,DM,mg_m2_y,941.888888888889,1353.888888888889,924.2222222222222,546.5555555555555,698.9,NA,Hall_EtAl_2001_BearBrook,58,-71.72,43.94,NA,NA,NA,Appendix 1,456.3010913,1630.482699,0.024886757,1.330000043,16,46.34126984,48.03174603,4,NA,7120444090,0.4,92.94,5.49,0,0.85,0.09,0.24,185,1123,124,442,789,7.328000069,52,410,21.81900024,100,1,78,67,85,67,Hall et al. (2001),2001,Hall et al. (2001),5.2,1.123,5.745863357931571,7120444090,NA,NA,NA,NA,NA,from posterior of brm_mean_sd_fi model,0.3058066739294839,0.018605554450143693,3127.3357101639717,0.019900639970220624,0.28729316789657855,-0.00531083466752952,0.2738959509625823,-0.4298732950059748,0.7067077836118463,1.2498507063865516,-0.6714184248533621,-0.34617257912323374,-0.4029643809371293,-0.25164803934981445,-0.3922301166795832,-0.8189270768698325
119,682.6541009115678,406.04809237316243,6.826541009115677e-4,4.060480923731624e-4,119,2.834200703509434,-0.45358513912893544,no,3330,3187.4444444444443,1.0463238539771784,DM,mg_m2_y,992.6666666666666,462.8888888888889,571.6666666666667,630.5555555555555,529.6666666666666,NA,Hall_EtAl_2001_HubbardBrook,59,-71.69,43.93,NA,NA,NA,NA,332.1225394,1646.219733,0.024668846,1.330000043,16,48.72,50.096,4,NA,7120444090,0.93,88.82,8.45,0,1.5,0.11,0.19,185,1123,124,442,789,7.328000069,52,410,21.81900024,100,1,78,67,85,67,Hall et al. (2001),2001,Hall et al. (2001),5.2,1.123,5.745863357931571,7120444090,NA,NA,NA,NA,NA,from posterior of brm_mean_sd_fi model,0.218286159267428,0.013280902968286684,3127.3357101639717,0.014302690165647771,0.28729316789657855,-0.00531083466752952,0.2738959509625823,-0.4298732950059748,0.7067077836118463,1.2498507063865516,-0.6714184248533621,-0.34617257912323374,-0.4029643809371293,-0.25164803934981445,-0.3922301166795832,-0.8189270768698325
120,2636.1918125009192,1568.041407376868,0.002636191812500919,0.001568041407376868,120,3.4209770068627985,0.47111087969251675,no,63796.66666666667,12308.888888888889,1.195319895216914,DM,mg_m2_y,837.7777777777778,31.11111111111111,4460,4114.444444444444,2865.5555555555557,NA,Hall_EtAl_2006_FireholeRiver_Riffle,144,-110.835,44.561,NA,NA,NA,Figures and Appendix,2247.22687,625.380399,0.026288008,1.389999986,11.5,58.62096774,59.36290323,5,NA,7120423170,0,66.45,15.84,0,17.55,0,0.17,129,621,57,579,276,0.014,0,2334,2.90899992,98,1,32,25,32,25,Hall et al. (2006),2006,Hall et al. (2006),0,0.621,2.9911419527839636,7120423170,NA,NA,NA,NA,NA,from posterior of brm_mean_sd_fi model,0.842951335199859,0.05128704252719276,3127.3357101639717,0.2740132002806133,0.14955709763919817,-0.7761217296477114,-0.6937701851909774,2.08539869857269,-0.4305335575421576,1.1990042020853802,-0.6714184248533621,-0.8559943677770411,-0.9221104339646559,-0.8553552194990031,-0.9318539507189753,-1.3013579410823353
121,1842.5645041048936,1095.9705844428695,0.0018425645041048936,0.0010959705844428695,121,3.265422700485748,0.22597410952071886,no,190384.44444444447,8603.333333333334,1.1322374177933838,DM,mg_m2_y,487.77777777777777,14.444444444444445,985.5555555555557,5146.666666666667,1968.888888888889,NA,Hall_EtAl_2006_FireholeRiver_Vegetated,145,-110.836,44.562000000000005,NA,NA,NA,NA,2246.99031,625.1932151,0.026300024,1.389999986,11.5,58.63414634,59.36585366,5,NA,7120423170,0,66.45,15.81,0,17.57,0,0.17,129,621,57,579,276,0.014,0,2334,2.90899992,98,1,32,25,32,25,Hall et al. (2006),2006,Hall et al. (2006),0,0.621,2.9911419527839636,7120423170,NA,NA,NA,NA,NA,from posterior of brm_mean_sd_fi model,0.5891802719217134,0.035846687280346984,3127.3357101639717,0.8177206370113724,0.14955709763919817,-0.7761217296477114,-0.6937701851909774,2.08539869857269,-0.4305335575421576,1.1990042020853802,-0.6714184248533621,-0.8559943677770411,-0.9221104339646559,-0.8553552194990031,-0.9318539507189753,-1.3013579410823353
122,939.7260304997666,558.966609724598,9.397260304997666e-4,5.58966609724598e-4,122,2.9730012570201194,-0.2348504722583618,no,31942.222222222223,4387.777777777778,1.064694191135768,DM,mg_m2_y,426.6666666666667,641.1111111111111,1512.2222222222224,956.6666666666669,851.1111111111112,NA,Hall_EtAl_2006_GibbonRiver,147,-110.85499999999999,44.641,NA,NA,NA,NA,2294.698327,632.2567005,0.025010015,1.389999986,11.5,57.336,57.84,13,NA,7120418580,0,90.28,8.8,0,0.9,0.02,0,144,627,72,1281,332,0.503000021,12,2151,6.410999775,92,3,21,18,26,20,Hall et al. (2006),2006,Hall et al. (2006),1.2,0.627,3.4656814289040643,7120418580,NA,NA,NA,NA,NA,from posterior of brm_mean_sd_fi model,0.3004877370362311,0.0182825173808284,3127.3357101639717,0.13719510740141547,0.17328407144520322,-0.7669088504248407,-0.6780643850520015,1.8461602501190022,0.013472362931558663,1.0464646891818656,-0.5793433930676328,-0.9779082737594733,-1.0086347761359102,-0.9236994285724961,-0.9960948833427125,-1.2182524447734258
123,1894.2023601857964,1126.6919819778122,0.0018942023601857963,0.0011266919819778124,123,3.2774263734093365,0.24489060035418156,no,232823.33333333337,8844.444444444445,1.1363293514806014,DM,mg_m2_y,1676.6666666666667,284.44444444444446,1328.888888888889,2636.666666666667,2917.777777777778,NA,Hall_EtAl_2006_PolecatCreek,146,-110.687,44.11,NA,NA,NA,NA,2174.327756,643.6083874,0.027437931,1.289218754,17.06054688,58.448,58.88,5,NA,7120439940,0.12,65.29,23.33,0,11.13,0.01,0.11,130,663,75,1250,374,0.025,0,2327,17.16200066,100,0,17,9,17,10,Hall et al. (2006),2006,Hall et al. (2006),0,0.663,2.9911419527839636,7120439940,NA,NA,NA,NA,NA,from posterior of brm_mean_sd_fi model,0.6056920445187767,0.0368515138202948,3127.3357101639717,1,0.14955709763919817,-0.7116315750876165,-0.586874718687123,2.076247501090855,0.5705589132849007,1.2498507063865516,-0.7174559407462267,-1.0222406032076305,-1.119880358927523,-1.0262157421827356,-1.1245767485901867,-1.3013579410823353
124,575.4743790043651,424.54489258001274,5.754743790043651e-4,4.245448925800127e-4,124,2.76002599294458,-0.5704764640931076,no,3769.3,2649.552156967583,1013.541593835644,DM,mg_m2_y,NA,NA,NA,NA,NA,NA,Hankel_2023_Choncas,NA,-65.33830599999999,-26.784443999999997,NA,1.4,NA,NA,898.7928922,4508.187634,0.020374758,1.186666965,20.64583424,57.24489796,57.39795918,4,NA,6121294030,0.39,79.87,7.33,0,2.04,10.38,0,244,952,66,1169,267,908.3129883,188,688,2.016000032,41,23,246,246,271,271,Hankel (2023),2023,Hankel (2023),18.8,0.952,19.90210356555183,6121294030,2649.552156967583,-0.7277108937349749,3.0058415760212727,-0.4795390375690464,0.01922123432560237,from posterior of brm_prop_insects_beta model,0.18401426400563564,0.013885890932483805,3127.3357101639717,0.016189528540953797,0.9951051782775915,-0.26787789251934446,0.004069750054113251,-0.0664400235845253,-0.6347807768052414,-0.25012117049800675,0.34140692478965934,1.5157852576993671,1.8095866545849484,1.8670224419284702,2.2287999343688925,1.6602373078117754
125,1363.1663672755442,1007.9557899617306,0.0013631663672755443,0.0010079557899617306,125,3.134548862423483,0.01973108925481517,no,9034.2,6320.58851306952,2350.358258112302,DM,mg_m2_y,NA,NA,NA,NA,NA,NA,Hankel_2023_Munoz,NA,-65.66372199999999,-26.987221999999996,NA,3.5,NA,NA,1975.808211,2767.716607,0.021027773,1.212381295,24.73809542,63.32673267,64.33663366,4,NA,6120811840,0.21,69.26,14.91,0,15.59,0.03,0,225,677,158,6212,252,18.49099922,166,1394,7.760000229,39,5,80,53,111,79,Hankel (2023),2023,Hankel (2023),16.6,0.677,17.680198990034597,6120811840,6320.58851306952,-0.04606795926236193,3.3711340655324356,0.11393357492220008,0.0445731947293098,from posterior of brm_prop_insects_beta model,0.43588744337398655,0.03296792496811463,3127.3357101639717,0.03880281186020874,0.8840099495017298,-0.6901348569009181,-0.5527429262883267,0.8565236081548392,0.1212829465135128,-0.30096767479917824,-0.48726836128190365,-0.3240064143991552,-0.5760130652796381,0.044510199968655476,-0.23805187838261405,1.2711179788801965
126,2076.391811127183,1541.9686953210219,0.0020763918111271827,0.0015419686953210218,126,3.317309307439864,0.30774179271860475,no,13916.4,9626.682067089465,3661.563642426424,DM,mg_m2_y,NA,NA,NA,NA,NA,NA,Hankel_2023_Siambon,NA,-65.44655600000002,-26.717750000000002,NA,1.8,NA,NA,1356.881127,4137.485019,0.021084088,1.21988133,25.92559542,57.98989899,58.53535354,4,NA,6120808280,0,92.64,6.15,0,1.11,0.1,0,226,968,118,808,288,291.2940063,172,1148,0.978999972,82,8,91,91,122,122,Hankel (2023),2023,Hankel (2023),17.2,0.968,18.318133474882107,6120808280,9626.682067089465,0.283789361956902,3.5636665871044158,0.42673162538241527,0.06943945191517933,from posterior of brm_prop_insects_beta model,0.6639491258897542,0.05043426384053525,3127.3357101639717,0.05977235958595214,0.9159066737441053,-0.24331021459168925,0.03129355740651111,0.5349243823646357,-1.031081362213463,0.7922321676760083,-0.34915581360330983,-0.202092508416723,-0.10630949349282835,0.16980791660339273,0.3144201421815255,1.3828386357353135
127,2574.3669544806235,1830.7056836306201,0.0025743669544806233,0.0018307056836306202,127,3.410670452027318,0.4548688634937226,no,16908,12111.011858073372,4334.10304566644,DM,mg_m2_y,NA,NA,NA,NA,NA,NA,Hannesdottir_EtAl_2013_HengladalsaRiverTributary_SiteIS1,183,-21.3,64.05,Only lists coordinates for general study area. Data extracted from figure using WebPlot Digitizer (https://apps.automeris.io/wpd/),NA,NA,Fig 16,393.6613582,956.9401707,0.024595757,1.202447926,15.22743066,62.42583732,63.10047847,2,NA,2121034430,0,0,0,0,100,0,0,95,1059,62,2408,1623,109.3679962,32,299,10.44499969,0,0,98,98,77,77,Hannesdottir et al. (2013),2013,Hannesdottir et al. (2013),3.2,1.059,4.459459591313239,2121034430,12111.011858073372,0.4637816367853942,3.6368992326949923,0.5457090770032947,0.08219377550830993,from posterior of brm_prop_insects_beta model,0.8231821566561669,0.059878189319123594,3127.3357101639717,0.07262158718341517,0.22297297956566195,-0.10358154637815031,0.1780508606401783,-0.5749851407893594,0.2892885258767652,-1.292474508672022,-0.7174559407462267,-0.12451093188244797,-0.019785151321573928,-0.34277365144780514,-0.2637482514321089,-1.0442133361976236
128,382.19399405027514,270.0081369112429,3.8219399405027516e-4,2.700081369112429e-4,128,2.5822838580949274,-0.8505788532540435,no,2472,1773.6858226845022,631.8686985193635,DM,mg_m2_y,NA,NA,NA,NA,NA,NA,Hannesdottir_EtAl_2013_HengladalsaRiverTributary_SiteIS11,179,-21.3,64.05,Only lists coordinates for general study area. Data extracted from figure using WebPlot Digitizer (https://apps.automeris.io/wpd/).,NA,NA,Fig 16,393.6613582,956.9401707,0.024595757,1.202447926,15.22743066,62.42583732,63.10047847,2,NA,2121034430,0,0,0,0,100,0,0,95,1059,62,2408,1623,109.3679962,32,299,10.44499969,0,0,98,98,77,77,Hannesdottir et al. (2013),2013,Hannesdottir et al. (2013),3.2,1.059,4.459459591313239,2121034430,1773.6858226845022,-1.0423618250682567,2.80062684183808,-0.8129412506295324,0.011983027032261657,from posterior of brm_prop_insects_beta model,0.1222107344626062,0.008831347651476112,3127.3357101639717,0.010617492519363751,0.22297297956566195,-0.10358154637815031,0.1780508606401783,-0.5749851407893594,0.2892885258767652,-1.292474508672022,-0.7174559407462267,-0.12451093188244797,-0.019785151321573928,-0.34277365144780514,-0.2637482514321089,-1.0442133361976236
129,4442.68563396286,3142.663622212238,0.00444268563396286,0.003142663622212238,129,3.6476455834939703,0.8283160517571189,no,29526,21196.426507334956,7568.329263905974,DM,mg_m2_y,NA,NA,NA,NA,NA,NA,Hannesdottir_EtAl_2013_HengladalsaRiverTributary_SiteIS5,184,-21.3,64.05,Only lists coordinates for general study area. Data extracted from figure using WebPlot Digitizer (https://apps.automeris.io/wpd/),NA,NA,Fig 16,393.6613582,956.9401707,0.024595757,1.202447926,15.22743066,62.42583732,63.10047847,2,NA,2121034430,0,0,0,0,100,0,0,95,1059,62,2408,1623,109.3679962,32,299,10.44499969,0,0,98,98,77,77,Hannesdottir et al. (2013),2013,Hannesdottir et al. (2013),3.2,1.059,4.459459591313239,2121034430,21196.426507334956,0.902610664605695,3.8790000180008746,0.9390382301264215,0.14352901856185715,from posterior of brm_prop_insects_beta model,1.42059760949998,0.10278932819171571,3127.3357101639717,0.12681718613541024,0.22297297956566195,-0.10358154637815031,0.1780508606401783,-0.5749851407893594,0.2892885258767652,-1.292474508672022,-0.7174559407462267,-0.12451093188244797,-0.019785151321573928,-0.34277365144780514,-0.2637482514321089,-1.0442133361976236
130,2135.8060280619497,1562.134854174196,0.0021358060280619495,0.0015621348541741962,130,3.329561807922265,0.32705040888448483,no,13817,9885.484747799646,3562.9709639482185,DM,mg_m2_y,NA,NA,NA,NA,NA,NA,Hannesdottir_EtAl_2013_HengladalsaRiverTributary_SiteIS6,182,-21.3,64.05,Only lists coordinates for general study area. Data extracted from figure using WebPlot Digitizer (https://apps.automeris.io/wpd/),NA,NA,Fig 16,393.6613582,956.9401707,0.024595757,1.202447926,15.22743066,62.42583732,63.10047847,2,NA,2121034430,0,0,0,0,100,0,0,95,1059,62,2408,1623,109.3679962,32,299,10.44499969,0,0,98,98,77,77,Hannesdottir et al. (2013),2013,Hannesdottir et al. (2013),3.2,1.059,4.459459591313239,2121034430,9885.484747799646,0.3045884934266346,3.551812283128886,0.40747252493105496,0.0675696983822763,from posterior of brm_prop_insects_beta model,0.6829474754246853,0.05109385270205841,3127.3357101639717,0.05934542643205863,0.22297297956566195,-0.10358154637815031,0.1780508606401783,-0.5749851407893594,0.2892885258767652,-1.292474508672022,-0.7174559407462267,-0.12451093188244797,-0.019785151321573928,-0.34277365144780514,-0.2637482514321089,-1.0442133361976236
131,719.223767783028,518.2580139414141,7.192237677830281e-4,5.182580139414142e-4,131,2.8568640308476114,-0.41787018533292336,no,4680,3359.972182936809,1198.959042333161,DM,mg_m2_y,NA,NA,NA,NA,NA,NA,Hannesdottir_EtAl_2013_HengladalsaRiverTributary_SiteIS7,180,-21.3,64.05,Only lists coordinates for general study area. Data extracted from figure using WebPlot Digitizer (https://apps.automeris.io/wpd/),NA,NA,Fig 16,393.6613582,956.9401707,0.024595757,1.202447926,15.22743066,62.42583732,63.10047847,2,NA,2121034430,0,0,0,0,100,0,0,95,1059,62,2408,1623,109.3679962,32,299,10.44499969,0,0,98,98,77,77,Hannesdottir et al. (2013),2013,Hannesdottir et al. (2013),3.2,1.059,4.459459591313239,2121034430,3359.972182936809,-0.5414734529046906,3.078804347408674,-0.36100003719751134,0.022737569764919346,from posterior of brm_prop_insects_beta model,0.22997971258586686,0.016951032463827953,3127.3357101639717,0.02010107807064011,0.22297297956566195,-0.10358154637815031,0.1780508606401783,-0.5749851407893594,0.2892885258767652,-1.292474508672022,-0.7174559407462267,-0.12451093188244797,-0.019785151321573928,-0.34277365144780514,-0.2637482514321089,-1.0442133361976236
132,343.91451683411583,243.49332093285085,3.4391451683411583e-4,2.4349332093285086e-4,132,2.536450508034544,-0.9228072579934276,no,2280,1633.7255122000536,584.6486679468208,DM,mg_m2_y,NA,NA,NA,NA,NA,NA,Hannesdottir_EtAl_2013_HengladalsaRiverTributary_SiteIS9,181,-21.3,64.05,Only lists coordinates for general study area. Data extracted from figure using WebPlot Digitizer (https://apps.automeris.io/wpd/),NA,NA,Fig 16,393.6613582,956.9401707,0.024595757,1.202447926,15.22743066,62.42583732,63.10047847,2,NA,2121034430,0,0,0,0,100,0,0,95,1059,62,2408,1623,109.3679962,32,299,10.44499969,0,0,98,98,77,77,Hannesdottir et al. (2013),2013,Hannesdottir et al. (2013),3.2,1.059,4.459459591313239,2121034430,1633.7255122000536,-1.1068056362170355,2.7668949645298055,-0.8677437607418135,0.011087526267401943,from posterior of brm_prop_insects_beta model,0.10997045047526534,0.007964108758238359,3127.3357101639717,0.009792832906209284,0.22297297956566195,-0.10358154637815031,0.1780508606401783,-0.5749851407893594,0.2892885258767652,-1.292474508672022,-0.7174559407462267,-0.12451093188244797,-0.019785151321573928,-0.34277365144780514,-0.2637482514321089,-1.0442133361976236
133,6185,4144.581953952111,0.006185,0,133,3.7913397039651393,1.0547624511232534,yes,NA,NA,NA,DM,mg_m2_y,NA,NA,NA,NA,NA,6185,Harper_1978_l'Achigan River,NA,-73.67136376,45.85460583,Average emergence production records from Fisher and Jackson 1986. Coordinates extracted from Google maps,NA,NA,NA,55.43082061,1276.481246,0.027769113,1.355714304,6.142857143,60.4765625,60.6875,12,NA,7120393710,82.6,4.45,6.12,0,4.13,2.7,0,205,973,6,655,587,328.8089905,58,33,7.132999897,36,26,329,318,330,322,Harper (1978),1978,Harper (1978),5.8,0.973,6.193803741184819,7120393710,NA,NA,NA,NA,NA,from posterior of brm_mean_sd_fi model,1.9777217968312426,0.1355597817313822,3127.3357101639717,NA,0.30969018705924095,-0.23563281523929702,0.03970877761531856,-0.9227306450990915,0.07370149033641898,-0.37723743125093545,0.4795194724682532,2.435681093748628,2.699551316917851,2.539073831151152,2.884057447131011,-0.7404798459430576
134,217.6631748234015,164.46945873968227,2.176631748234015e-4,1.6446945873968227e-4,134,2.3377849594784172,-1.2358826851655447,no,1500,1040.5700319255284,402.7206046756816,DM,mg_m2_y,NA,NA,NA,NA,NA,NA,Harvey_EtAl_1998,NA,-149.165929,68.666,Low production tundra stream; mean unfertilized,NA,NA,NA,866.7861842,NA,0.033970728,1.406666994,12.33333302,57.70588235,58.22268908,9,NA,8120366300,0,0,0,0,97.65,0,2.35,102,217,80,497,110,0.013,-114,663,0.811999977,0,0,3,8,3,8,Harvey et al. (1998),1998,Harvey et al. (1998),-11.4,0.217,1.1036444742733063,8120366300,1040.5700319255284,-1.4604720587944229,2.605003850287906,-1.1307602345730474,0.007637365015209036,from posterior of brm_prop_insects_beta model,0.06960019486107202,0.005379419245641852,3127.3357101639717,0.006442653227769266,0.05518222371366531,-1.396455597321005,-2.4111721847936485,-0.09912287173393623,-1.1317659415499102,-1.292474508672022,-0.7174559407462267,-1.1774037562761805,-1.1322409792377024,-1.1856855633542194,-1.1502731216396815,-1.6319129794449259
135,10982.67,7369.1816213454495,0.01098267,0,135,4.040707934404057,1.4477398235727217,yes,NA,NA,NA,DM,mg_m2_y,NA,NA,NA,NA,NA,10982.67,Heinrich_EtAl_2014,NA,-89.01939447000001,37.46674025,"Sum of daily measurements multiplied by number of days in  each of 12 months, Coordinates Taken from above Post Creek Cutoff. Non-weir site.",NA,NA,Figure 2b,132.5010965,4228.375098,0.043631726,1.360000014,21.33333206,56.64545455,55.61818182,6,1,7120603510,20,43.14,29.95,0,6.61,0.27,0.02,256,1191,25,3990,449,19.7859993,135,128,5.376999855,40,39,93,89,93,85,Heinrich et al. (2014),2014,Heinrich et al. (2014),13.5,1.191,14.13577453690001,7120603510,NA,NA,NA,NA,NA,from posterior of brm_mean_sd_fi model,3.5118295628786713,0.2410290502703002,3127.3357101639717,NA,0.7067887268450005,0.09910179652500507,0.3699223565955576,-0.79853582213133,-0.08568287184828483,-0.2755444226485925,1.078007179075493,-0.1799263436926444,-0.13103073411318678,-0.1605224272518237,-0.16096275923412948,0.6503874219293668
136,4.22700883732201,2.5340158001084143,4.227008837322009e-6,2.5340158001084142e-6,136,0.6260331558006705,-3.9334184735493483,no,23.5428,19.76844,1.00026452481912,DM,mg_m2_y,4.9750000000000005,3.79944,9.036,0.3548,NA,NA,Helan_EtAl_1973_Lusova/Brodska,NA,18.178,49.340999999999994,"Two small streams, Svratka and Loucka, in the Bedsky Mountains, Czech Republic. Very detailed study on each benthic group. AISP value from Zelinka et al. (1977), included elsewhere in this spreadsheet.",2,10.775,Table 54,624.5199275,537.8031722,0.032075469,1.395711806,18.59652774,53.74814815,54.17037037,6,NA,2120452200,7.09,78.79,10.48,0,0.55,3.06,0.02,165,827,123,282,316,84.85099792,70,543,1.824000001,92,2,144,144,116,117,Helan et al. (1973),1973,Helan et al. (1973),7,0.827,7.1777001726260865,2120452200,NA,NA,NA,NA,NA,from posterior of brm_mean_sd_fi model,0.0013516325809167383,8.28818521585783e-5,3127.3357101639717,1.0111873094048418e-4,0.35888500863130435,-0.4598128763291507,-0.22584686994173436,-0.2560005428511087,-0.690237516928506,1.0464646891818656,-0.6253809089604975,0.3853108567713594,0.5488033829466694,0.10146370752989968,0.2501792095577883,-0.5681713123727185
137,1687.092458430582,1003.4809013902351,0.001687092458430582,0.0010034809013902352,137,3.227138884062684,0.16564295362811318,no,NA,7877.444444444444,1.1199237294409874,DM,mg_m2_y,NA,NA,NA,NA,NA,NA,Hertel_Alaska_GWS_25Mile,NA,-145.309639,60.463259,NA,NA,NA,NA,61.93956044,2270.063759,0.03084711,1.238295479,12.64204545,47.38311688,47.87012987,6,NA,8120000820,0,39.16,19.89,0,28.8,0,12.15,121,2015,15,260,2463,0,33,119,36.8769989,4,0,32,43,32,43,Hertel,2013,Hertel,3.3,2.015,4.516497900392781,8120000820,NA,NA,NA,NA,NA,from posterior of brm_mean_sd_fi model,0.5394663748274485,0.03282156161355586,3127.3357101639717,NA,0.22582489501963904,1.3643372097992479,1.2288014626651838,-0.810301647465118,1.0045601287308197,-1.190781500069679,-0.7174559407462267,-0.8559943677770411,-0.6996192683814302,-0.8553552194990031,-0.7005865932735216,-1.0342242895045373
138,2404.27523944346,1430.0632552270017,0.0024042752394434603,0.0014300632552270017,138,3.3809841838502956,0.4080865141723881,no,NA,11226.111111111111,1.1764858930993398,DM,mg_m2_y,NA,NA,NA,NA,NA,NA,Hertel_Alaska_GWS_Hatch,NA,-145.356674,60.460497,NA,NA,NA,NA,22.48722376,2313.327275,0.032132678,1.246354192,12.484375,47.82467532,48.34415584,6,NA,8120000820,0,34.19,20.27,0,36.34,0,9.2,121,2015,15,260,2463,0,33,119,36.8769989,4,0,32,43,32,43,Hertel,2013,Hertel,3.3,2.015,4.516497900392781,8120000820,NA,NA,NA,NA,NA,from posterior of brm_mean_sd_fi model,0.7687934594388013,0.04677409323654123,3127.3357101639717,NA,0.22582489501963904,1.3643372097992479,1.2288014626651838,-0.810301647465118,1.0045601287308197,-1.190781500069679,-0.7174559407462267,-0.8559943677770411,-0.6996192683814302,-0.8553552194990031,-0.7005865932735216,-1.0342242895045373
139,707.7275993234822,420.9521354186635,7.077275993234822e-4,4.209521354186635e-4,139,2.849866132160543,-0.4288981171343056,no,NA,3304.5555555555557,1.0483381740704443,DM,mg_m2_y,NA,NA,NA,NA,NA,NA,Hertel_Alaska_SWS_18Mile,NA,-145.11804,60.44234,Thesis. SWS=Surface water; GWS=groundwater,NA,NA,Tab 12,140.6127049,2071.220782,0.02695665,1.220000029,13,47.74757282,48.22330097,6,NA,8120000820,0,15.27,9.27,0,37.65,0,37.81,121,2015,15,260,2463,0,33,119,36.8769989,4,0,32,43,32,43,Hertel,2013,Hertel,3.3,2.015,4.516497900392781,8120000820,NA,NA,NA,NA,NA,from posterior of brm_mean_sd_fi model,0.22630368624108307,0.01376838007565494,3127.3357101639717,NA,0.22582489501963904,1.3643372097992479,1.2288014626651838,-0.810301647465118,1.0045601287308197,-1.190781500069679,-0.7174559407462267,-0.8559943677770411,-0.6996192683814302,-0.8553552194990031,-0.7005865932735216,-1.0342242895045373
140,637.4736805897071,379.1776898928254,6.374736805897072e-4,3.7917768989282545e-4,140,2.804462258736397,-0.5004497131248766,no,NA,2976.444444444445,1.0433304595689097,DM,mg_m2_y,NA,NA,NA,NA,NA,NA,Hertel_Alaska_SWS_Blackhole,NA,-145.631869,60.591126,NA,NA,NA,NA,250.0095628,1913.596414,0.024732553,0.800000012,19.33333206,47.33333333,47.86821705,6,NA,8120000860,0,47.19,11.97,0,23.2,0,17.65,119,2040,16,80,2610,0.001,31,141,7.90199995,0,0,22,37,22,37,Hertel,2013,Hertel,3.1,2.04,4.40315638046173,8120000860,NA,NA,NA,NA,NA,from posterior of brm_mean_sd_fi model,0.2038392227984642,0.012402033655111326,3127.3357101639717,NA,0.22015781902308648,1.402724206561209,1.2489421695104597,-0.7815407410936364,0.13152750032872534,-1.292474508672022,-0.7174559407462267,-0.966825191397434,-0.7737829902425054,-0.9692622346214914,-0.7776757124220061,-1.0540736460708018
141,11030.337414542411,8288.968547727825,0.011030337414542412,0.008288968547727826,141,4.042588797574606,1.4507038605929885,no,73690,51056.305302552886,19825.722652112927,DM,mg_m2_y,NA,NA,NA,NA,NA,NA,Hopkins_1976_HinauStream_Main_OrgEnrich,191,175.483,-40.967,No insect production reported.,NA,NA,NA,276.8260417,1282.112732,0.021214267,1.199101746,23.24609423,53.98319328,54.17647059,9,NA,5120617350,9.21,51.24,7.59,0,31.81,0.15,0,166,1550,192,391,985,4.900000095,118,286,8.512000084,57,1,77,53,100,67,Hopkins (1976),1976,Hopkins (1976),11.8,1.55,12.142165889905097,5120617350,51056.305302552886,1.5918387832966976,4.297229026411083,1.6185141825966813,0.37598344566060365,from posterior of brm_prop_insects_beta model,3.52707174311135,0.2711131736789055,3127.3357101639717,0.3165060775695448,0.6071082944952548,0.6503390700267686,0.8002581315420564,-0.591980221827053,0.17354985895912384,0.156650863911365,-0.6714184248533621,-0.35725566148527305,-0.5760130652796381,-0.08078751666608179,-0.3922301166795832,0.30124926927478324
142,4694.90854056526,3488.173771544817,0.00469490854056526,0.0034881737715448174,142,3.6716271363860042,0.8661083865151662,no,32530,22516.616835555546,8810.127793362117,DM,mg_m2_y,NA,NA,NA,NA,NA,NA,Hopkins_1976_HinauStream_NorthBranch_Open,189,175.483,-40.967,No insect production reported.,NA,NA,NA,276.8260417,1282.112732,0.021214267,1.199101746,23.24609423,53.98319328,54.17647059,9,NA,5120617350,9.21,51.24,7.59,0,31.81,0.15,0,166,1550,192,391,985,4.900000095,118,286,8.512000084,57,1,77,53,100,67,Hopkins (1976),1976,Hopkins (1976),11.8,1.55,12.142165889905097,5120617350,22516.616835555546,0.949981828814335,3.944982208020387,1.0462362257413227,0.16707901460053531,from posterior of brm_prop_insects_beta model,1.5012486588205454,0.11409017371724321,3127.3357101639717,0.13971967299955615,0.6071082944952548,0.6503390700267686,0.8002581315420564,-0.591980221827053,0.17354985895912384,0.156650863911365,-0.6714184248533621,-0.35725566148527305,-0.5760130652796381,-0.08078751666608179,-0.3922301166795832,0.30124926927478324
143,1225.719261189611,907.212072619921,0.0012257192611896109,9.07212072619921e-4,143,3.0883910107388366,-0.053008694963157736,no,8400,5805.535330550151,2271.2890877079158,DM,mg_m2_y,NA,NA,NA,NA,NA,NA,Hopkins_1976_HinauStream_SouthBranch_Closed,190,175.483,-40.967,No insect production reported.,NA,NA,NA,276.8260417,1282.112732,0.021214267,1.199101746,23.24609423,53.98319328,54.17647059,9,NA,5120617350,9.21,51.24,7.59,0,31.81,0.15,0,166,1550,192,391,985,4.900000095,118,286,8.512000084,57,1,77,53,100,67,Hopkins (1976),1976,Hopkins (1976),11.8,1.55,12.142165889905097,5120617350,5805.535330550151,-0.11270994206670162,3.356272414363328,0.08978858645811492,0.04307369331612937,from posterior of brm_prop_insects_beta model,0.39193721902192086,0.029672828747218046,3127.3357101639717,0.03607885807550789,0.6071082944952548,0.6503390700267686,0.8002581315420564,-0.591980221827053,0.17354985895912384,0.156650863911365,-0.6714184248533621,-0.35725566148527305,-0.5760130652796381,-0.08078751666608179,-0.3922301166795832,0.30124926927478324
144,3738.5183816823924,2794.57636770956,0.0037385183816823924,0.0027945763677095603,144,3.572699520342764,0.7102091585063076,no,24630,17180.065787750034,6382.540186474672,DM,mg_m2_y,NA,NA,NA,NA,NA,NA,Hopkins_1976_HorokiwiStream_Bush_Shaded,187,174.9,-41.1,No insect production reported.,NA,NA,NA,80.53177083,1028.826782,0.019278315,1.375,20.5,55.09090909,55.14772727,9,NA,5120085100,0.14,16.76,19.84,0,43.61,7.47,12.17,169,1229,90,188,957,687.2800293,125,147,9.458999634,31,0,253,265,241,251,Hopkins (1976),1976,Hopkins (1976),12.5,1.229,12.958426477020488,5120085100,17180.065787750034,0.7379017569693952,3.8049935579391554,0.8188036004661382,0.12104120961877107,from posterior of brm_prop_insects_beta model,1.1954323833965288,0.09140419145944197,3127.3357101639717,0.10578836599997135,0.6479213238510244,0.15745003160318619,0.4212231384745604,-0.7736968575377777,0.23319440791661586,-0.5043536920038642,-0.7174559407462267,1.5933668342336422,2.0444384404783533,1.525301396561005,1.9718362038739436,0.4441999501417591
145,8386.869037370523,6455.756604706811,0.008386869037370523,0.006455756604706811,145,3.9235998614756227,1.263190160967206,no,56330,39300.97547237999,14667.310310458453,DM,mg_m2_y,NA,NA,NA,NA,NA,NA,Hopkins_1976_HorokiwiStream_Gyton_Open,186,174.9,-41.1,No insect production reported.,NA,NA,NA,80.53177083,1028.826782,0.019278315,1.375,20.5,55.09090909,55.14772727,9,NA,5120085100,0.14,16.76,19.84,0,43.61,7.47,12.17,169,1229,90,188,957,687.2800293,125,147,9.458999634,31,0,253,265,241,251,Hopkins (1976),1976,Hopkins (1976),12.5,1.229,12.958426477020488,5120085100,39300.97547237999,1.38667697724068,4.166350480276549,1.4058822919233733,0.27815711769334883,from posterior of brm_prop_insects_beta model,2.681793646301818,0.21115301035620354,3127.3357101639717,0.24194310421349516,0.6479213238510244,0.15745003160318619,0.4212231384745604,-0.7736968575377777,0.23319440791661586,-0.5043536920038642,-0.7174559407462267,1.5933668342336422,2.0444384404783533,1.525301396561005,1.9718362038739436,0.4441999501417591
146,6535.224688904573,4755.082408066563,0.006535224688904572,0.004755082408066563,146,3.815260523741185,1.0924590770562441,no,43550,30357.206316826658,11364.449981865122,DM,mg_m2_y,NA,NA,NA,NA,NA,NA,Hopkins_1976_HorokiwiStream_Lower_Open,188,174.9,-41.1,No insect production reported.,NA,NA,NA,80.53177083,1028.826782,0.019278315,1.375,20.5,55.09090909,55.14772727,9,NA,5120085100,0.14,16.76,19.84,0,43.61,7.47,12.17,169,1229,90,188,957,687.2800293,125,147,9.458999634,31,0,253,265,241,251,Hopkins (1976),1976,Hopkins (1976),12.5,1.229,12.958426477020488,5120085100,30357.206316826658,1.1842312470648089,4.055548421528543,1.225867675793199,0.2155202681484024,from posterior of brm_prop_insects_beta model,2.0897099942499997,0.15552785311376827,3127.3357101639717,0.18705169871290103,0.6479213238510244,0.15745003160318619,0.4212231384745604,-0.7736968575377777,0.23319440791661586,-0.5043536920038642,-0.7174559407462267,1.5933668342336422,2.0444384404783533,1.525301396561005,1.9718362038739436,0.4441999501417591
147,2161.271867739164,1555.996598483679,0.0021612718677391637,0.001555996598483679,147,3.3347094004938493,0.3351624582809178,no,14836.666666666668,10290.95528449519,3976.5096537946456,DM,mg_m2_y,NA,NA,NA,NA,NA,NA,Huryn_1996_SuttonStream,192,170.32000000000002,-44.518,Results in adding up the prod.values are different from those on the paper.,NA,NA,NA,902.8271484,608.8144488,0.018625022,1.378912118,19.50462935,60.12195122,60.43902439,9,NA,5120622880,0,0,1.35,0,98.65,0,0,138,751,157,15603,405,0.314999998,79,787,355.875,0,0,46,44,47,47,Huryn (1996),1996,Huryn (1996),7.9,0.751,7.991429430265173,5120622880,10290.95528449519,0.3361043921284204,3.5995020411291883,0.4849517123827033,0.0754122221707275,from posterior of brm_prop_insects_beta model,0.6910904578344244,0.050893084419306886,3127.3357101639717,0.06372499892622446,0.39957147151325867,-0.5765093464855129,-0.3833041639043096,0.06298405508714196,2.2927868926997172,-1.292474508672022,-0.7174559407462267,-0.7008312147084911,-0.6872586480712509,-0.6844946968152704,-0.6491938471745318,-0.42566394002491925
148,1236.1861926064923,908.2975680741537,0.0012361861926064922,9.082975680741537e-4,148,3.0920838884967887,-0.04718911884657385,no,8240,5885.775007617315,2080.1330227157587,DM,mg_m2_y,NA,NA,NA,NA,NA,NA,Huryn_Wallace_1987_UpperBallCreek,60,-83.4,35.06,"Upper Ball Creek, Watershed 27, Coweeta, North Carolina, USA. Probably same site as used later in Grubaugh et al. (1997).",0.224,0.388,Table 2,760.1498843,5257.492884,0.022305619,1.399999976,24,50.95412844,51.44954128,4,NA,7120656310,2,87.59,9.13,0,0.61,0.67,0,213,1763,124,1945,939,32.67399979,120,838,10.92099953,100,4,73,87,78,82,Huryn and Wallace (1987),1987,Huryn and Wallace (1987),12,1.763,12.374255626353508,7120656310,5885.775007617315,-0.10194803437512348,3.3180911086090012,0.027757310357501893,0.03944852831025182,from posterior of brm_prop_insects_beta model,0.39528413549873637,0.02970833281698457,3127.3357101639717,0.0353916417312125,0.6187127813176754,0.9773962824386785,1.0105767308471947,0.12965706531194024,0.3145077679721723,1.2498507063865516,-0.5333058771747683,-0.40158799093343023,-0.15575197473354518,-0.33138294993555634,-0.19950731880837175,0.3418948503199049
149,353.5871707445183,210.31748507642519,3.535871707445183e-4,2.103174850764252e-4,149,2.548496499056136,-0.9038240784124398,no,NA,1651,1.0235765666352816,DM,mg_m2_y,NA,NA,NA,NA,NA,NA,Hynes_Coleman_Hirnant,NA,-3.406774,52.79610000000001,Mean of flood and normal years (Welsh stream),NA,NA,NA,347.5848818,1064.652718,0.02897903,1.212900126,17.74749966,52.64189189,52.69594595,12,NA,2120357170,0.29,15.22,17.17,0,67.2,0.13,0,149,988,67,736,909,16.57699966,84,186,17.61300087,0,10,192,168,154,143,Hynes and Coleman,1968,Hynes and Coleman,8.4,0.988,8.4704037332856,2120357170,NA,NA,NA,NA,NA,from posterior of brm_mean_sd_fi model,0.1130633879808123,0.006879003163169894,3127.3357101639717,NA,0.42352018666428004,-0.21260061718212026,0.06469739291992051,-0.7227116144246967,0.585264821651181,-1.292474508672022,-0.2570807818175806,0.9172988101492453,0.8454582703909703,0.5343103649953557,0.5842320592012215,-0.3417817781083154
150,3740,2501.118003474272,0.00374,0,150,3.5728716022004803,0.710480340910628,yes,NA,NA,NA,DM,mg_m2_y,NA,NA,NA,NA,NA,3740,Illies_1971_1975_Breitenbach,NA,7.594246838999999,49.5458468,Emergence from Table 5 in Fisher and Jackson 1986. Coordinates from google maps,NA,NA,NA,342.254946,254.5035373,0.033438828,1.251645833,30.89166689,62.91791045,62.92537313,4,NA,2120438400,38.98,32.21,21.1,0,2.5,5.21,0,168,689,63,290,256,184.2839966,84,316,6.511000156,13,40,203,241,165,206,Illies (1971),1971,Illies (1971),8.4,0.689,8.4704037332856,2120438400,NA,NA,NA,NA,NA,from posterior of brm_mean_sd_fi model,1.1959061471542194,0.08180584058956705,3127.3357101639717,NA,0.42352018666428004,-0.6717090984551768,-0.5240442560274352,-0.5527608040477598,0.022204843715904816,-0.9619722307144074,1.1240446949683576,1.0392127161316775,1.7477835530340524,0.659608081630093,1.3936678102603095,-0.3417817781083154
151,1431.063421060195,1041.0458264524812,0.001431063421060195,0.001041045826452481,151,3.155658881003762,0.05299819637361663,no,9708.888888888889,6744.878201705186,2575.75677822794,DM,mg_m2_y,NA,NA,NA,NA,NA,NA,Iversen_1988_RoldKilde,193,9.883000000000001,56.767,Double check values; paper reports inconsistent values and units?,NA,NA,"Table 7, 8",64.81631098,492.6150156,0.016661097,1.215383947,10.74553561,55.33544304,55.43037975,5,NA,2120024800,55.24,33.02,7.01,0,0.41,3.53,0.79,164,719,11,559,507,45.49200058,74,41,3.878999949,2,72,156,156,113,112,Iversen (1988),1988,Iversen (1988),7.4,0.719,7.531498866431647,2120024800,6744.878201705186,0.004870610171970839,3.4109048513661517,0.17854720057092593,0.04884774823371114,from posterior of brm_prop_insects_beta model,0.4575982733191,0.03405022426247223,3127.3357101639717,0.04170066955870211,0.37657494332158237,-0.6256447023408233,-0.45442900576684286,-0.9122721336912801,-0.26932813619816837,-1.2416280043708505,2.5972452035400253,0.5183078451158308,0.6971308266688199,0.06729160299315316,0.18593827693405116,-0.5062109960623562
152,23100,15545.149822664469,0.0231,0,152,4.363611979892144,1.9566016907234163,yes,120900,120900,6.037228834684951,DM,mg_m2_y,55600,NA,1390,5830,NA,23100,Jackson_Fisher_1986_SycamoreCreek,148,-111.5,33.75,NA,NA,NA,Table 4,798.146412,1147.246131,0.022353814,1.473059878,21.5695312,70.09259259,71,3,NA,7120689160,0,0,0.09,0,99.91,0,0,311,386,104,5675,29,0.181999996,200,633,0.492000014,18,0,42,36,52,45,Jackson and Fisher (1986),1986,Jackson and Fisher (1986),20,0.386,20.9632692668105,7120689160,NA,NA,NA,NA,NA,from posterior of brm_mean_sd_fi model,7.386479144187826,0.5084462414677539,3127.3357101639717,0.5192778501582028,1.048163463340525,-1.136959499210147,-1.4704371595710377,-0.13834228951322936,-1.3955709443252713,-0.8348559699614787,-0.7174559407462267,-0.7451635441566482,-0.7861436105526846,-0.6275411892540262,-0.6748902202240267,1.846077910558119
153,1008.8927232783296,741.3339432301574,0.0010088927232783298,7.413339432301573e-4,153,3.0038449896609563,-0.18624408407332407,no,6833.333333333334,4708.630844127622,1807.3286668261942,DM,mg_m2_y,NA,NA,NA,NA,NA,NA,Johnson_EtAl_2013_ChenowethRun,63,-85.56,38.2,"Urban Kentucky stream. Backed out production from available data on 5 most dominant taxa, along with % these 5 taxa contribute to overall production. Results of this approach are robust upon verification and match Fig. 4.",3.6,4.3,Table 2,209.348136,3940.968595,0.03280896,1.414305349,23.21527863,58.48333333,57.63333333,12,NA,7121091390,2.1,10.6,25.52,0,3.2,58.58,0,249,1149,9,1981,394,1081.603027,131,165,1.957000017,7,5,373,373,373,373,Johnson et al. (2013),2013,Johnson et al. (2013),13.1,1.149,13.664225463099985,7121091390,4708.630844127622,-0.2768949641561923,3.2570371371816194,-0.0714340526361985,0.03427495035204062,from posterior of brm_prop_insects_beta model,0.3226045480181057,0.02424733511144999,3127.3357101639717,0.029349864704282216,0.6832112731549993,0.03461164196491018,0.31128152345822563,-0.7501652068702018,-0.6512537966430816,-1.1145117436179217,-0.48726836128190365,2.923336717678357,3.379385433977707,3.028873996177852,3.5393149598931304,0.5678056309842452
154,2853.510610447404,2170.8961097130127,0.0028535106104474036,0.002170896109713013,154,3.4553794917615113,0.5253254767060694,no,18874.444444444445,13013.134917044084,4990.0732766807,DM,mg_m2_y,NA,NA,NA,NA,NA,NA,Johnson_EtAl_2013_GooseCreek,64,-85.56,38.27,"Suburban Kentucky stream. Backed out production from available data on 5 most dominant taxa, along with % these 5 taxa contribute to overall production. Results of this approach are robust upon verification and match Fig. 4.",5.9,3.1,Table 2,208.4728982,3896.295667,0.032681636,1.406964166,22.84821483,58.56140351,57.56140351,12,NA,7121091390,2.81,14.64,18.69,0,3.48,60.3,0.09,249,1149,9,1981,394,1081.603027,131,165,1.957000017,7,5,373,373,373,373,Johnson et al. (2013),2013,Johnson et al. (2013),13.1,1.149,13.664225463099985,7121091390,13013.134917044084,0.5201087727711625,3.6981069230631536,0.6451501795454206,0.09463387426462126,from posterior of brm_prop_insects_beta model,0.9124414117657325,0.07100503888301278,3127.3357101639717,0.08106766694823446,0.6832112731549993,0.03461164196491018,0.31128152345822563,-0.7501652068702018,-0.6512537966430816,-1.1145117436179217,-0.48726836128190365,2.923336717678357,3.379385433977707,3.028873996177852,3.5393149598931304,0.5678056309842452
155,1904.9804298190943,1445.4645914103885,0.0019049804298190943,0.0014454645914103886,155,3.2798905184550846,0.24877382655227442,no,12838.888888888889,8924.531450500412,3367.2163152279863,DM,mg_m2_y,NA,NA,NA,NA,NA,NA,Johnson_EtAl_2013_HartsRun,66,-85.61999999999999,37.87,"Forested Kentucky stream. Backed out production from available data on 5 most dominant taxa, along with % these 5 taxa contribute to overall production. Results of this approach are robust upon verification and match Fig. 4.",4.5,7.3,Table 2,212.522677,4291.058188,0.039119156,1.333333015,22.33333206,52.77876106,52.38938053,6,NA,7120591350,0.1,95.68,3.89,0,0.1,0.05,0.19,248,1200,36,7020,388,22.30200005,133,179,52.3429985,90,10,108,95,94,96,Johnson et al. (2013),2013,Johnson et al. (2013),13.3,1.2,13.9,7120591350,8924.531450500412,0.22441185867515423,3.527271017039182,0.367601545597234,0.06385732387662015,from posterior of brm_prop_insects_beta model,0.6091384508634069,0.047277835663301716,3127.3357101639717,0.055144339293980646,0.6950000000000001,0.11292111535931112,0.3822189564244118,-0.7318628119065318,1.2034589438554093,0.9956181848806943,-0.2570807818175806,-0.013680108262055063,-0.05686701225211154,-0.14913172573957484,-0.019632707461907734,0.6090965264568065
156,1992.890450140447,1454.510386864076,0.0019928904501404473,0.001454510386864076,156,3.299483426042619,0.27965013075847717,no,13784.444444444443,9500.725311574673,3627.013306890947,DM,mg_m2_y,NA,NA,NA,NA,NA,NA,Johnson_EtAl_2013_LittleGooseCreek,69,-85.61,38.309999999999995,"Suburban Kentucky stream. Backed out production from available data on 5 most dominant taxa, along with % these 5 taxa contribute to overall production. Results of this approach are robust upon verification and match Fig. 4.",6.3,15,Table 2,177.2823465,3855.448272,0.035514004,1.389999986,22,59.35,58.4875,12,NA,7121090110,4.18,26.71,21.33,0,2.52,40.66,4.59,247,1145,61,3202,394,65.3769989,129,172,3520.906006,9,7,366,142,369,141,Johnson et al. (2013),2013,Johnson et al. (2013),12.9,1.145,13.428603625641118,7121090110,9500.725311574673,0.27346345766234126,3.5595491489354685,0.4200422275517445,0.06878422464143484,from posterior of brm_prop_insects_beta model,0.6372486470395454,0.04757370291141327,3127.3357101639717,0.059205596995337416,0.6714301812820559,0.02846972248299638,0.30558529927339806,-0.7410140093883668,3.5957908987877807,-1.0636652393167503,-0.3951933294961744,2.845755141144082,0.524082142326311,2.9833111901288567,0.5585356861517267,0.5265414775710516
157,3684.9027100204958,2616.452629286238,0.003684902710020496,0.002616452629286238,157,3.566426025964671,0.7003228095819071,no,24260,17270.88554759715,6213.012336105177,DM,mg_m2_y,NA,NA,NA,NA,NA,NA,Johnson_EtAl_2013_SinkingCreek,72,-86.29,37.809999999999995,"Exurban Kentucky stream. Backed out production from available data on 5 most dominant taxa, along with % these 5 taxa contribute to overall production. Results of this approach are robust upon verification and match Fig. 4.",5.6,5.3,Table 2,201.3634868,4043.891539,0.037314027,1.360312492,22.84375,57.72413793,56.40517241,12,NA,7121094140,25.52,38.09,26.81,0,9.34,0.24,0,247,1204,33,7653,396,16.5890007,129,199,4.342999935,20,69,84,63,87,69,Johnson et al. (2013),2013,Johnson et al. (2013),12.9,1.204,13.428603625641118,7121094140,17270.88554759715,0.7420354345201419,3.793302215917491,0.7998092562287001,0.11782621128373864,from posterior of brm_prop_insects_beta model,1.1782881825076879,0.08557817200316888,3127.3357101639717,0.10419917820378827,0.6714301812820559,0.11906303484122492,0.3876545375790628,-0.705716533387003,-0.20586141872166358,-0.7840094656603073,2.4591326558614313,-0.27967408495099805,-0.4524068621778461,-0.22886663632531673,-0.36653374363008834,0.5265414775710516
158,1911.99103272804,1356.9317701959699,0.00191199103272804,0.00135693177019597,158,3.281485851096011,0.251287898326015,no,12804.444444444443,8943.90286872141,3264.0683254500923,DM,mg_m2_y,NA,NA,NA,NA,NA,NA,Johnson_EtAl_2013_WilsonCreek,74,-85.75,38.120000000000005,"Rural Kentucky stream. Backed out production from available data on 5 most dominant taxa, along with % these 5 taxa contribute to overall production. Results of this approach are robust upon verification and match Fig. 4.",4.8,14.8,Table 2,161.6295455,3911.531013,0.036716423,1.337661783,22.30786938,58.08536585,57.37804878,5,NA,7120589180,3.17,33.7,25.82,0,6.11,31.16,0.04,249,1166,61,3201,385,67.58699799,131,197,3524.656982,78,13,192,142,160,141,Johnson et al. (2013),2013,Johnson et al. (2013),13.1,1.166,13.664225463099985,7120589180,8943.90286872141,0.22611179066893977,3.5137592410914364,0.3456496325375492,0.06190118148069471,from posterior of brm_prop_insects_beta model,0.6113801682735849,0.04438212988326619,3127.3357101639717,0.05499639688652816,0.6832112731549993,0.06071479976304383,0.33527127710768023,-0.7083311612389559,3.596396278128233,0.6905391590736655,-0.11896823413898674,0.9172988101492453,0.524082142326311,0.6026545740688487,0.5585356861517267,0.5678056309842452
159,4426.161210330022,2632.6892748168066,0.004426161210330022,0.0026326892748168066,159,3.646027227820279,0.8257656981727172,no,20666.666666666668,20666.666666666668,1.3524310977016754,DM,mg_m2_y,2444.4444444444443,9666.666666666668,NA,8555.555555555557,NA,NA,Johnson_Fritz_Price_2013_AshRun,61,-81.1,38.290000000000006,West Virginia forested stream. Chironomid values are actually nematoceran article; Paper derives benthic production from emergence.,NA,3.99,Figure 3,464.1540948,3381.235476,0.030444672,1.333333015,22.33333206,49.36283186,49.50442478,6,1.265938616,7121088790,0.16,98.5,0.98,0,0.36,0,0,224,1179,131,1266,434,7.964000225,114,392,56.22600174,100,4,71,70,73,68,Johnson_Fritz_Price (2013),2013,Johnson_Fritz_Price (2013),11.4,1.179,11.681481859739213,7121088790,NA,NA,NA,NA,NA,from posterior of brm_mean_sd_fi model,1.4153137432431104,0.08610923548523487,3127.3357101639717,0.08876544447148767,0.5840740929869607,0.08067603807926367,0.3533815506392892,-0.45340494567355066,1.2441081581320657,1.2498507063865516,-0.5333058771747683,-0.4237541556575088,-0.36588252000659166,-0.3883364574968005,-0.3793819301548358,0.22057025963463506
160,2593.8180333925025,1542.8007695951223,0.0025938180333925026,0.0015428007695951222,160,3.41393950533885,0.46002053810159843,no,12111.111111111111,12111.111111111111,1.1921454135236007,DM,mg_m2_y,NA,1444.4444444444446,NA,10666.666666666668,NA,NA,Johnson_Fritz_Price_2013_Beech,136,-81.049,38.318999999999996,West Virginia mountaintop removal mined stream. Chironomid values are actually nematoceran article; Paper derives benthic production from emergence.,NA,0.57,Figure 3,481.0483696,3382.851443,0.030368918,1.333333015,22.33333206,50.34210526,50.69298246,6,1.226883927,7121088790,2.03,67.64,23.69,0,6.54,0.11,0,224,1179,131,1266,434,7.964000225,114,392,56.22600174,100,4,71,70,73,68,Johnson_Fritz_Price(2013),2013,Johnson_Fritz_Price(2013),11.4,1.179,11.681481859739213,7121088790,NA,NA,NA,NA,NA,from posterior of brm_mean_sd_fi model,0.8294018531373161,0.05046147908401085,3127.3357101639717,0.05201845939458148,0.5840740929869607,0.08067603807926367,0.3533815506392892,-0.45340494567355066,1.2441081581320657,1.2498507063865516,-0.5333058771747683,-0.4237541556575088,-0.36588252000659166,-0.3883364574968005,-0.3793819301548358,0.22057025963463506
161,15729.535535565721,9356.038957163239,0.015729535535565723,0.009356038957163238,161,4.19671589889036,1.6935915098805916,no,73444.44444444445,73444.44444444445,2.965822463644983,DM,mg_m2_y,NA,7777.777777777778,NA,65666.66666666667,NA,NA,Johnson_Fritz_Price_2013_BucklesRun,62,-81.19,38.230000000000004,West Virginia mountaintop removal mined stream. Chironomid values are actually nematoceran article; Paper derives benthic production from emergence.,NA,2.61,Figure 3,397.5082965,3463.385393,0.031044001,1.333333015,22.33333206,50.4137931,50.27586207,6,1,7120584640,0.07,90.93,8.17,0,0.28,0.54,0,224,1160,92,1735,406,27.17099953,114,430,376.9249878,93,2,163,93,142,92,Johnson_Fritz_Price2013),2013,Johnson_Fritz_Price2013),11.4,1.16,11.681481859739213,7120584640,NA,NA,NA,NA,NA,from posterior of brm_mean_sd_fi model,5.029692042476947,0.30601460243630935,3127.3357101639717,0.3154513913744804,0.5840740929869607,0.05150192054017313,0.32684447958845075,-0.40372701648644604,2.325455583628749,1.0718879413324516,-0.6253809089604975,0.5958894216501058,-0.08158825287246994,0.3976219468483696,-0.07102545356089746,0.22057025963463506
162,4259.571134213726,2533.606138204505,0.004259571134213725,0.0025336061382045046,162,3.629365875295105,0.7995092078199849,no,19888.88888888889,19888.88888888889,1.336429149875245,DM,mg_m2_y,NA,4555.555555555556,NA,15333.333333333334,NA,NA,Johnson_Fritz_Price_2013_HardwayRun,65,-81.04,38.3,West Virginia mountaintop removal mined stream. Chironomid values are actually nematoceran article; Paper derives benthic production from emergence.,NA,1.43,Figure 3,480.4314693,3370.664389,0.030297599,1.333333015,22.33333206,50.10526316,50.35964912,6,1.19512318,7121088790,2.1,74.06,18.93,0,4.75,0.16,0,224,1179,131,1266,434,7.964000225,114,392,56.22600174,100,4,71,70,73,68,Johnson_Fritz_Price(2013),2013,Johnson_Fritz_Price(2013),11.4,1.179,11.681481859739213,7121088790,NA,NA,NA,NA,NA,from posterior of brm_mean_sd_fi model,1.3620447335954184,0.08286845305611282,3127.3357101639717,0.0854248094644962,0.5840740929869607,0.08067603807926367,0.3533815506392892,-0.45340494567355066,1.2441081581320657,1.2498507063865516,-0.5333058771747683,-0.4237541556575088,-0.36588252000659166,-0.3883364574968005,-0.3793819301548358,0.22057025963463506
163,6544.067462777436,3892.470971582732,0.006544067462777436,0.003892470971582732,163,3.8158477678272265,1.093384510250011,no,30555.55555555556,30555.55555555556,1.5650874260865977,DM,mg_m2_y,8555.555555555557,8777.777777777777,NA,13222.222222222224,NA,NA,Johnson_Fritz_Price_2013_JackRun,67,-81.11999999999999,38.28,West Virginia forested stream. Chironomid values are actually nematoceran article; Paper derives benthic production from emergence.,NA,0.91,Figure 3,442.5237832,3407.680289,0.030522572,1.333333015,22.33333206,49.90517241,49.81034483,6,NA,7120585550,0.05,98.74,1.15,0,0.04,0.02,0,224,1160,106,1165,417,11.49800014,115,407,64.26599884,100,0,98,70,100,71,Johnson_Fritz_Price(2013),2013,Johnson_Fritz_Price(2013),11.5,1.16,11.796172166024311,7120585550,NA,NA,NA,NA,NA,from posterior of brm_mean_sd_fi model,2.0925375684832757,0.12731380900800818,3127.3357101639717,0.1312392324175221,0.5898086083012155,0.05150192054017313,0.32684447958845075,-0.43379523678390414,1.320033587124951,1.2498507063865516,-0.7174559407462267,-0.12451093188244797,-0.36588252000659166,-0.08078751666608179,-0.3408373705805935,0.2406558274436062
164,5116.266806201874,3043.2069021682532,0.005116266806201874,0.0030432069021682534,164,3.708953184250687,0.924930202702289,no,23888.88888888889,23888.88888888889,1.4191229479822014,DM,mg_m2_y,4777.777777777778,6111.111111111111,NA,13000,NA,NA,Johnson_Fritz_Price_2013_LaurelRun,68,-81.11,38.3,West Virginia forested stream. Chironomid values are actually nematoceran article; Paper derives benthic production from emergence.,NA,1.41,Figure 3,455.5487939,3400.468654,0.030577785,1.333333015,22.33333206,49.45945946,49.56756757,6,0.978285291,7121088790,0.15,98.26,1.16,0,0.43,0,0,224,1179,131,1266,434,7.964000225,114,392,56.22600174,100,4,71,70,73,68,Johnson_Fritz_Price(2013),2013,Johnson_Fritz_Price(2013),11.4,1.179,11.681481859739213,7121088790,NA,NA,NA,NA,NA,from posterior of brm_mean_sd_fi model,1.6359826000047877,0.09953632670430985,3127.3357101639717,0.10260521807188092,0.5840740929869607,0.08067603807926367,0.3533815506392892,-0.45340494567355066,1.2441081581320657,1.2498507063865516,-0.5333058771747683,-0.4237541556575088,-0.36588252000659166,-0.3883364574968005,-0.3793819301548358,0.22057025963463506
165,356.93208931438755,212.29018024445898,3.5693208931438755e-4,2.12290180244459e-4,165,2.5525855941470117,-0.8973801066134662,no,1666.6666666666667,1666.6666666666667,1.0238669188294698,DM,mg_m2_y,NA,444.44444444444446,NA,1222.2222222222222,NA,NA,Johnson_Fritz_Price_2013_Lost,137,-81.038,38.321,West Virginia mountaintop removal mined stream. Chironomid values are actually nematoceran article; Paper derives benthic production from emergence.,NA,0.79,Figure 3,486.4630435,3378.079809,0.030277517,1.333333015,22.33333206,50.45535714,50.78571429,6,1.208646658,7121088790,2.15,63.33,27.72,0,6.65,0.15,0,224,1179,131,1266,434,7.964000225,114,392,56.22600174,100,4,71,70,73,68,Johnson_Fritz_Price(2013),2013,Johnson_Fritz_Price(2013),11.4,1.179,11.681481859739213,7121088790,NA,NA,NA,NA,NA,from posterior of brm_mean_sd_fi model,0.11413296249403074,0.006943525503268927,3127.3357101639717,0.007158503586410296,0.5840740929869607,0.08067603807926367,0.3533815506392892,-0.45340494567355066,1.2441081581320657,1.2498507063865516,-0.5333058771747683,-0.4237541556575088,-0.36588252000659166,-0.3883364574968005,-0.3793819301548358,0.22057025963463506
166,4902.08376688012,2915.8118059187354,0.00490208376688012,0.0029158118059187358,166,3.6903807282100156,0.8956620198148781,no,22888.88888888889,22888.88888888889,1.3974059794344456,DM,mg_m2_y,4777.777777777778,4333.333333333334,NA,13777.77777777778,NA,NA,Johnson_Fritz_Price_2013_NeilRun,70,-81.08,38.290000000000006,West Virginia forested stream. Chironomid values are actually nematoceran article; Paper derives benthic production from emergence.,NA,3.73,Figure 3,477.8001078,3354.245384,0.030412779,1.333333015,22.33333206,49.62280702,49.79824561,6,1.176005169,7121088790,0.9,92.95,4.92,0,1.22,0,0,224,1179,131,1266,434,7.964000225,114,392,56.22600174,100,4,71,70,73,68,Johnson_Fritz_Price(2013),2013,Johnson_Fritz_Price(2013),11.4,1.179,11.681481859739213,7121088790,NA,NA,NA,NA,NA,from posterior of brm_mean_sd_fi model,1.567495216758515,0.09536952492958191,3127.3357101639717,0.09831011592003473,0.5840740929869607,0.08067603807926367,0.3533815506392892,-0.45340494567355066,1.2441081581320657,1.2498507063865516,-0.5333058771747683,-0.4237541556575088,-0.36588252000659166,-0.3883364574968005,-0.3793819301548358,0.22057025963463506
167,3045.9443234919163,1811.7441155459107,0.003045944323491916,0.0018117441155459106,167,3.4837219606476855,0.5699901436205976,no,14222.222222222224,14222.222222222224,1.2290268909701616,DM,mg_m2_y,2555.5555555555557,4222.222222222223,NA,7444.444444444444,NA,NA,Johnson_Fritz_Price_2013_PetersRun,71,-81.04,38.3,West Virginia forested stream. Chironomid values are actually nematoceran article; Paper derives benthic production from emergence.,NA,1.62,Figure 3,480.4314693,3370.664389,0.030297599,1.333333015,22.33333206,50.10526316,50.35964912,6,1.19512318,7121088790,2.1,74.06,18.93,0,4.75,0.16,0,224,1179,131,1266,434,7.964000225,114,392,56.22600174,100,4,71,70,73,68,Johnson_Fritz_Price(2013),2013,Johnson_Fritz_Price(2013),11.4,1.179,11.681481859739213,7121088790,NA,NA,NA,NA,NA,from posterior of brm_mean_sd_fi model,0.9739742086506639,0.059257999862284194,3127.3357101639717,0.0610858972707012,0.5840740929869607,0.08067603807926367,0.3533815506392892,-0.45340494567355066,1.2441081581320657,1.2498507063865516,-0.5333058771747683,-0.4237541556575088,-0.36588252000659166,-0.3883364574968005,-0.3793819301548358,0.22057025963463506
168,12540.780999555234,7459.349258099115,0.012540780999555233,0.007459349258099115,168,4.098324583802142,1.5385374341983777,no,58555.555555555555,58555.555555555555,2.377940728708126,DM,mg_m2_y,NA,NA,NA,51555.555555555555,7000,NA,Johnson_Fritz_Price_2013_SugarcampRun,73,-81.03,38.309999999999995,West Virginia mountaintop removal mined stream. Chironomid values are actually nematoceran article; Paper derives benthic production from emergence.,NA,5.27,Figure 3,487.8642241,3364.741415,0.030216083,1.333333015,22.33333206,50.30357143,50.58928571,6,1.218227507,7121088790,1.95,65.17,26.61,0,6.12,0.15,0,224,1179,131,1266,434,7.964000225,114,392,56.22600174,100,4,71,70,73,68,Johnson_Fritz_Price(2013),2013,Johnson_Fritz_Price(2013),11.4,1.179,11.681481859739213,7121088790,NA,NA,NA,NA,NA,from posterior of brm_mean_sd_fi model,4.010052697187952,0.24397822712175707,3127.3357101639717,0.251502092669215,0.5840740929869607,0.08067603807926367,0.3533815506392892,-0.45340494567355066,1.2441081581320657,1.2498507063865516,-0.5333058771747683,-0.4237541556575088,-0.36588252000659166,-0.3883364574968005,-0.3793819301548358,0.22057025963463506
169,1808.06948096328,1075.45884580206,0.00180806948096328,0.0010754588458020602,169,3.257215115641088,0.2130398431118278,no,8442.222222222223,8442.222222222223,1.1292815720885176,DM,mg_m2_y,3137.777777777778,931.1111111111112,357.77777777777777,505.5555555555556,3483.3333333333335,NA,Junker_Cross_2014_WestBlacktailDeerCreek,75,-112.25,44.760000000000005,"In Table 1, only insects are listed. There is an """"other"""" category that has 77 mg AFDM m2 y1. That amount is included in the total here. in other words, I assumed that all community production = all insect production.",3.5,NA,Table 1,2414.285156,463.2224622,0.029472136,1.222009029,25.67857143,65.5078125,66.53125,6,NA,7120415810,0,16.82,17.54,0,65.64,0,0,138,425,105,1273,136,0.006,14,2314,0.72299999,41,5,31,31,14,14,Junker and Cross (2014),2014,Junker and Cross (2014),1.4,0.425,3.553126462549546,7120415810,NA,NA,NA,NA,NA,from posterior of brm_mean_sd_fi model,0.5781501087609426,0.035175795295588945,3127.3357101639717,0.03626020683303029,0.1776563231274773,-1.0770757842614875,-1.313220372251601,2.0592524200531614,-1.1937252886763041,-0.25012117049800675,-0.48726836128190365,-0.8670774501390804,-0.8479467121035806,-1.0603878467194823,-1.073184002491197,-1.2029383069902548
170,14840.098185902378,11095.733186814974,0.014840098185902376,0.011095733186814975,170,4.171436774356387,1.6537543424928363,no,103000,69757.49582364749,28442.969327755458,DM,mg_m2_y,NA,NA,NA,NA,NA,NA,Kedzierski_Smock_2001_HigginsCreek_Logged3yrsPrevious,76,-77.121369,36.876540999999996,"Has taxon-specific values, but only for """"most productive"""" taxa; appears to omit ~1/3 of overall production when those are added together. Lat/Long from generic point in Assakoosick Swamp system; no specific coordinates provided in paper.",1.2,4.45,"Table 1, Fig 4",29.54402174,4458.156215,0.021867443,1.409999967,23.5,50.77272727,50.67272727,5,NA,7120618930,10.32,77.79,9.27,0,2.52,0.1,0,253,1158,8,644,454,3.808000088,145,30,3.726999998,95,17,58,59,63,66,Kedzierski and Smock (2001),2001,Kedzierski and Smock (2001),14.5,1.158,15.309324801269085,7120618930,69757.49582364749,1.836527776591373,4.453974932962944,1.8731714923681682,0.5394045806208551,from posterior of brm_prop_insects_beta model,4.745284664409849,0.36291601557546893,3127.3357101639717,0.4423955216401563,0.7654662400634542,0.04843096079921623,0.32402585830299013,-0.9266525868770209,-0.291760545212158,1.122734445633623,0.0651818294324717,-0.5678342263640196,-0.5018493434185629,-0.5022434726192889,-0.40507830320433064,0.8559097906082596
171,5959.360828015395,4618.60550171262,0.005959360828015395,0.00461860550171262,171,3.7751996819295344,1.029327521262041,no,41000,27751.747961347806,11289.872619697755,DM,mg_m2_y,NA,NA,NA,NA,NA,NA,Kedzierski_Smock_2001_HigginsCreek_Unlogged,77,-77.121369,36.876540999999996,"Has taxon-specific values, but only for """"most productive"""" taxa; appears to omit ~1/3 of overall production when those are added together. Lat/Long from generic point in Assakoosick Swamp system; no specific coordinates provided in paper.",1.2,4.45,"Table 1, Fig 4",29.54402174,4458.156215,0.021867443,1.409999967,23.5,50.77272727,50.67272727,5,NA,7120618930,10.32,77.79,9.27,0,2.52,0.1,0,253,1158,8,644,454,3.808000088,145,30,3.726999998,95,17,58,59,63,66,Kedzierski and Smock (2001),2001,Kedzierski and Smock (2001),14.5,1.158,15.309324801269085,7120618930,27751.747961347806,1.1138772421131142,4.052689041936088,1.221222183412261,0.2141059512991259,from posterior of brm_prop_insects_beta model,1.9055711891266496,0.1510640061342018,3127.3357101639717,0.17609918822569326,0.7654662400634542,0.04843096079921623,0.32402585830299013,-0.9266525868770209,-0.291760545212158,1.122734445633623,0.0651818294324717,-0.5678342263640196,-0.5018493434185629,-0.5022434726192889,-0.40507830320433064,0.8559097906082596
172,573.7742941549898,436.49099074409963,5.737742941549898e-4,4.3649099074409965e-4,172,2.7587410873803253,-0.572501336353691,no,3840,2651.75853733433,1021.2104339630135,DM,mg_m2_y,NA,NA,NA,NA,NA,NA,Kendrick_2019_reference,NA,-149.4,68.46000000000001,"Tundra, 4th order upper Kuparuk River.",NA,NA,Text page s97,1002.541322,NA,0.031913118,1.406666994,12.33333302,59.014084510000004,59.79342723,9,NA,8120101650,0,0,0,0,92.63,0,7.37,100,227,58,231,130,0,-116,799,0.391000003,0,0,25,25,25,25,Kendrick (2019),2019,Kendrick (2019),-11.6,0.227,1.0930277777789108,8120101650,2651.75853733433,-0.7270582839038361,3.009115243450477,-0.47422047226200337,0.019366669474973907,from posterior of brm_prop_insects_beta model,0.18347064317086245,0.014276620438537143,3127.3357101639717,0.01649319226308932,0.05465138888894554,-1.3811007986162207,-2.3375835856739897,0.07867182219885921,-1.5128197246309487,-1.292474508672022,-0.7174559407462267,-0.9335759443113162,-0.9221104339646559,-0.935090130084745,-0.9318539507189753,-1.6337722680304438
173,1095.4949358805163,802.4097086670766,0.0010954949358805163,8.024097086670766e-4,173,3.0396103742981566,-0.12988170441239794,no,7378,5207.769664854538,1912.5005870816387,DM,mg_m2_y,NA,NA,NA,NA,NA,NA,Krueger_Waters_1983_BlackhoofRiver,151,-92.531,43.662000000000006,"Caribou River, Minnesota, USA. Converted from wet mass to dry mass using 0.17 conversion from Waters (1977) described in this paper's text.",5.5,NA,Table 4,412.6445313,1676.734414,0.028072647,1.353999972,23.200000760000002,62.38095238,61.13492063,12,NA,7120444960,98.31,0.17,0.3,0,1.05,0.17,0,213,824,14,4881,286,11.4630003,64,378,5.93900013,3,55,106,118,105,99,Krueger and Waters (1983),1983,Krueger and Waters (1983),6.4,0.824,6.671106874805527,7120444960,5207.769664854538,-0.19790154243950026,3.281601577141356,-0.03152542386368259,0.036269475427280186,from posterior of brm_prop_insects_beta model,0.35029655828765427,0.02624498349280506,3127.3357101639717,0.0316892636763211,0.33355534374027634,-0.46441931594058605,-0.23178288118572019,-0.4717073406372208,-0.02965825279437491,-1.2162047522202648,1.814607433361327,-0.035846272986133645,0.22742725488201015,-0.02383400910483758,0.018911852112334555,-0.6568903538028769
174,855.2485822171509,650.1543492164618,8.552485822171509e-4,6.501543492164619e-4,174,2.9320923629088065,-0.29931846679552143,no,5525,3916.1630487606435,1440.8553845212384,DM,mg_m2_y,NA,NA,NA,NA,NA,NA,Krueger_Waters_1983_CaribouRiver,149,-91.037,47.574,"Blackhoof River, Minnesota, USA. Converted from wet mass to dry mass using 0.17 conversion from Waters (1977) described in this paper's text.",4.5,NA,Table 3,490.7765858,808.0843004,0.028873305,1.336666942,19,50.90909091,51.43801653,2,NA,7120988600,0.67,83.69,12.53,0,0.22,0,2.89,185,730,13,47,610,0.603999972,41,293,2.536999941,42,1,32,32,31,31,Krueger and Waters (1983),1983,Krueger and Waters (1983),4.1,0.73,4.999851626302771,7120988600,3916.1630487606435,-0.42137771891809844,3.1586203938215163,-0.23132686037764003,0.027324994991453362,from posterior of brm_prop_insects_beta model,0.27347514353433733,0.021265059456105222,3127.3357101639717,0.02373043938895013,0.24999258131513855,-0.6087544237655603,-0.4296289476725783,-0.582829024345218,-0.5069207910926871,-0.22469791834742103,-0.6714184248533621,-0.8559943677770411,-0.8355860917934014,-0.8667459210112519,-0.8547648315704907,-0.9495751648143421
175,3395.996764638238,2430.47532734849,0.003395996764638238,0.00243047532734849,175,3.530967267820316,0.6444436401249016,no,22508,16050.100048631293,5615.135499757871,DM,mg_m2_y,NA,NA,NA,NA,NA,NA,Krueger_Waters_1983_NorthBranchCreek,150,-92.561,46.618,"North Branch Creek, Minnesota, USA. Converted from wet mass to dry mass using 0.17 conversion from Waters (1977) described in this paper's text.",6,NA,Table 5,359.6302885,1088.196249,0.025186507,1.336666942,19,54.015625,54.6484375,6,NA,7120370100,9.47,63.55,19.71,0,6.96,0.15,0.16,192,756,13,504,570,12.54899979,40,344,3.319999933,99,12,83,83,90,90,Krueger and Waters (1983),1983,Krueger and Waters (1983),4,0.756,4.936760008583584,7120370100,16050.100048631293,0.6845613038244676,3.749360240755467,0.7284189059033205,0.10648782039857392,from posterior of brm_prop_insects_beta model,1.0859073279536657,0.07949528047447507,3127.3357101639717,0.09667415923375376,0.2468380004291792,-0.5688319471331207,-0.3724654338235906,-0.5161560141204197,-0.3565860583867233,1.2244274542359659,-0.16500575003185136,-0.2907571673130373,-0.205194455974262,-0.1946945317885702,-0.09672182661039232,-0.9606243197684349
176,758.7514211865656,529.8859468522671,7.587514211865656e-4,5.298859468522671e-4,176,2.8800995175434854,-0.3812535702442353,no,4900,3538.736330480272,1224.457141286656,DM,mg_m2_y,NA,NA,NA,NA,NA,NA,Lavandier_Decamps_1984_Estaragne_Station1,NA,0.14200000000000002,42.806,"Estaragne River, France, most upstream site",3,6.5,Table 9.3,2324.476118,926.5362665,0.02418383,1.291718766,22.27499986,59.45454545,59.62809917,3,NA,2120588610,0,3.7,4.1,0,89.86,0.06,2.29,116,1277,253,8167,505,11.08300018,36,1910,1.853999972,51,1,82,82,115,115,Lavandier and Decamps (1984),1984,Lavandier and Decamps (1984),3.6,1.277,4.692073548721606,2120588610,3538.736330480272,-0.500832271851285,3.087943588457502,-0.3461519649891466,0.023221126569912192,from posterior of brm_prop_insects_beta model,0.24261911464144761,0.017331355513268275,3127.3357101639717,0.02104600054404627,0.2346036774360803,0.23115306538615177,0.4838028195471948,1.5310975939586808,-0.6812078205365445,0.004111351007850585,-0.6714184248533621,-0.3018402496750766,-0.2175550762844412,0.09007300601765084,0.22448283650829343,-1.0034759490009695
177,1044.325085598671,749.2575345400847,0.001044325085598671,7.492575345400847e-4,177,3.0188357102611842,-0.16262032902548643,no,6700,4847.172913414073,1660.9870580996028,DM,mg_m2_y,NA,NA,NA,NA,NA,NA,Lavandier_Decamps_1984_Estaragne_Station2,NA,0.14400000000000002,42.808,"Estaragne River, France, middle site",3,6.5,Table 9.3,2323.15,929.5514053,0.023953228,1.291718766,22.27499986,59.47540984,59.6557377,3,NA,2120588610,0,3.94,4.25,0,89.46,0.06,2.29,116,1277,253,8167,505,11.08300018,36,1910,1.853999972,51,1,82,82,115,115,Lavandier and Decamps (1984),1984,Lavandier and Decamps (1984),3.6,1.277,4.692073548721606,2120588610,4847.172913414073,-0.25415963008996395,3.220366248575522,-0.13101142881647487,0.03149966577563323,from posterior of brm_prop_insects_beta model,0.33393443569379866,0.024506497632649067,3127.3357101639717,0.02877718441736939,0.2346036774360803,0.23115306538615177,0.4838028195471948,1.5310975939586808,-0.6812078205365445,0.004111351007850585,-0.6714184248533621,-0.3018402496750766,-0.2175550762844412,0.09007300601765084,0.22448283650829343,-1.0034759490009695
178,997.252431339271,725.2839582903722,9.97252431339271e-4,7.252839582903721e-4,178,2.998805103809595,-0.19418639932265291,no,6550,4739.702904729598,1630.0175310952925,DM,mg_m2_y,NA,NA,NA,NA,NA,NA,Lavandier_Decamps_1984_Estaragne_Station3,NA,0.14500000000000002,42.809,"Estaragne River, France, middle site",3,6.5,Table 9.3,2308.866431,935.0250766,0.024061521,1.291718766,22.27499986,59.47933884,59.66115702,3,NA,2120588610,0,4.06,4.4,0,89.2,0.06,2.29,116,1277,253,8167,505,11.08300018,36,1910,1.853999972,51,1,82,82,115,115,Lavandier and Decamps (1984),1984,Lavandier and Decamps (1984),3.6,1.277,4.692073548721606,2120588610,4739.702904729598,-0.2717382524122592,3.212192275334635,-0.14429127823301854,0.030912346479490507,from posterior of brm_prop_insects_beta model,0.31888243660511373,0.023722376869725618,3127.3357101639717,0.02813291909459246,0.2346036774360803,0.23115306538615177,0.4838028195471948,1.5310975939586808,-0.6812078205365445,0.004111351007850585,-0.6714184248533621,-0.3018402496750766,-0.2175550762844412,0.09007300601765084,0.22448283650829343,-1.0034759490009695
179,1011.5444555416196,709.9196562055037,0.0010115444555416197,7.099196562055037e-4,179,3.0049849739799424,-0.18444759202812552,no,6500,4706.813430080296,1613.2199207751328,DM,mg_m2_y,NA,NA,NA,NA,NA,NA,Lavandier_Decamps_1984_Estaragne_Station4,NA,0.15200000000000002,42.822,"Estaragne River, France, middle site",3,6.5,Table 9.3,2289.821069,949.038476,0.022871862,1.278073013,22.32135391,59.51666667,59.75833333,3,NA,2120588610,0,5.18,5.26,0,86.98,0.06,2.53,116,1277,253,8167,505,11.08300018,36,1910,1.853999972,51,1,82,82,115,115,Lavandier and Decamps (1984),1984,Lavandier and Decamps (1984),3.6,1.277,4.692073548721606,2120588610,4706.813430080296,-0.27719763426212646,3.207693576234973,-0.15160009181158754,0.03059378944538589,from posterior of brm_prop_insects_beta model,0.32345246858342,0.02321984574349376,3127.3357101639717,0.027918163987000155,0.2346036774360803,0.23115306538615177,0.4838028195471948,1.5310975939586808,-0.6812078205365445,0.004111351007850585,-0.6714184248533621,-0.3018402496750766,-0.2175550762844412,0.09007300601765084,0.22448283650829343,-1.0034759490009695
180,1208.8516603548424,888.12711897441,0.0012088516603548421,8.8812711897441e-4,180,3.0823730113306684,-0.06249241143602925,no,7600,5508.929556612626,1881.7847055250354,DM,mg_m2_y,NA,NA,NA,NA,NA,NA,Lavandier_Decamps_1984_Estaragne_Station5,NA,0.15500000000000003,42.822,"Estaragne River, France, lowest site",3,6.5,Table 9.3,2255.899698,966.0140967,0.02294008,1.278073013,22.32135391,59.525,59.775,3,NA,2120588610,0,6.05,5.89,0,85.35,0.06,2.65,116,1277,253,8167,505,11.08300018,36,1910,1.853999972,51,1,82,82,115,115,Lavandier and Decamps (1984),1984,Lavandier and Decamps (1984),3.6,1.277,4.692073548721606,2120588610,5508.929556612626,-0.15382506149288575,3.2745699344201538,-0.04294938547165677,0.035686966371403527,from posterior of brm_prop_insects_beta model,0.3865436180791285,0.029048603631323788,3127.3357101639717,0.03264277635403095,0.2346036774360803,0.23115306538615177,0.4838028195471948,1.5310975939586808,-0.6812078205365445,0.004111351007850585,-0.6714184248533621,-0.3018402496750766,-0.2175550762844412,0.09007300601765084,0.22448283650829343,-1.0034759490009695
181,505.0160428901678,368.3024730474432,5.050160428901678e-4,3.6830247304744316e-4,181,2.7033051746097634,-0.659862341809635,no,3300,2385.2353700172757,823.4828549031492,DM,mg_m2_y,NA,NA,NA,NA,NA,NA,Lavandier_Decamps_1984_Estaragne_Tributary1,NA,0.14500000000000002,42.809,"Tributary of Estaragne River, France",3,6.5,Table 9.3,2308.866431,935.0250766,0.024061521,1.291718766,22.27499986,59.47933884,59.66115702,3,NA,2120588610,0,4.06,4.4,0,89.2,0.06,2.29,116,1277,253,8167,505,11.08300018,36,1910,1.853999972,51,1,82,82,115,115,Lavandier and Decamps (1984),1984,Lavandier and Decamps (1984),3.6,1.277,4.692073548721606,2120588610,2385.2353700172757,-0.8101056390027113,2.915654561491848,-0.6260614125491321,0.01561687947833365,from posterior of brm_prop_insects_beta model,0.16148443585664454,0.01204633022392795,3127.3357101639717,0.014173837101092386,0.2346036774360803,0.23115306538615177,0.4838028195471948,1.5310975939586808,-0.6812078205365445,0.004111351007850585,-0.6714184248533621,-0.3018402496750766,-0.2175550762844412,0.09007300601765084,0.22448283650829343,-1.0034759490009695
182,1245.6088114918584,922.8178884573116,0.0012456088114918583,9.228178884573116e-4,182,3.0953816717893154,-0.041992168894593694,no,8100,5871.479889201893,2003.8824079106876,DM,mg_m2_y,NA,NA,NA,NA,NA,NA,Lavandier_Decamps_1984_Estaragne_Tributary2,NA,0.15300000000000002,42.822,"Tributary of Estaragne River, France",3,6.5,Table 9.3,2280.859375,953.5427847,0.022972642,1.278073013,22.32135391,59.51260504,59.76470588,3,NA,2120588610,0,5.46,5.5,0,86.39,0.06,2.59,116,1277,253,8167,505,11.08300018,36,1910,1.853999972,51,1,82,82,115,115,Lavandier and Decamps (1984),1984,Lavandier and Decamps (1984),3.6,1.277,4.692073548721606,2120588610,5871.479889201893,-0.10385454178532492,3.3018722326174084,0.0014073059561438314,0.03800247918552573,from posterior of brm_prop_insects_beta model,0.39829712155416436,0.030183259235060024,3127.3357101639717,0.034790327429954034,0.2346036774360803,0.23115306538615177,0.4838028195471948,1.5310975939586808,-0.6812078205365445,0.004111351007850585,-0.6714184248533621,-0.3018402496750766,-0.2175550762844412,0.09007300601765084,0.22448283650829343,-1.0034759490009695
183,956.2664723340667,568.805379028547,9.562664723340667e-4,5.688053790285471e-4,183,2.9805789292410716,-0.2229088800457863,no,4465,4465,1.066026800069722,DM,mg_m2_y,1472,266,2377,120,NA,NA,Leland_EtAl_1986_ConvictCreek,78,-118.83,37.61,"Convict Creek, Calilfornia. Only """"the more abundant benthic insects"""", so a conservative tally.",3,NA,Table 3,2358.735453,290.2517348,0.022300429,1.261476142,23.46032333,65.53913043,66.37391304,5,0.074557968,7120598530,0,1.39,8.34,0,88.89,0.3,1.09,162,346,84,2062,249,11.0909996,61,2269,5.426000118,32,0,3,33,3,37,Leland et al. (1986),1986,Leland et al. (1986),6.1,0.346,6.428781278034391,7120598530,NA,NA,NA,NA,NA,from posterior of brm_mean_sd_fi model,0.3057767252892489,0.018604320987119005,3127.3357101639717,0.01917763110799318,0.32143906390171956,-1.198378694029285,-1.6491277985670296,2.000423293384222,-0.08057240636497158,-0.4789304398532784,-0.7174559407462267,-1.1774037562761805,-0.8232254714832222,-1.1856855633542194,-0.7776757124220061,-0.6993285280780156
184,1002.1229646657735,720.3474502263808,0.0010021229646657735,7.203474502263808e-4,184,3.000921014544503,-0.1908519527514993,no,6951.554,4807.655163733757,1871.314956711358,DM,mg_m2_y,NA,NA,NA,NA,NA,NA,Linares_2018_close1,NA,-46.881099999999996,-20.131982000000004,NA,NA,NA,NA,1232.667969,6137.642085,0.018487156,1.330000043,38.33333206,52.25,52.44565217,4,NA,6120712210,0.1,1.52,3.93,0,94.44,0,0,216,1519,63,14078,554,0.885999978,198,979,3.657999992,19,5,42,42,52,52,Linares (2018),2018,Linares (2018),19.8,1.519,20.794399412043614,6120712210,4807.655163733757,-0.2605777310816974,3.2721468887561502,-0.046885987733384406,0.03548841359714953,from posterior of brm_prop_insects_beta model,0.32043984322144625,0.023560914998997796,3127.3357101639717,0.0298576345440749,1.0397199706021807,0.6027391940419367,0.7672592187170673,0.31398832887461786,-0.3022432839575456,-0.809432717810893,-0.48726836128190365,-0.7451635441566482,-0.7119798886916093,-0.6275411892540262,-0.5849529145507947,1.81650394717206
185,1234.763722489748,911.8997731070507,0.001234763722489748,9.118997731070507e-4,185,3.091583861372124,-0.04797710753807002,no,8250.475,5702.727446320066,2214.9955389845472,DM,mg_m2_y,NA,NA,NA,NA,NA,NA,Linares_2018_close2,NA,-46.881099999999996,-20.131982000000004,NA,NA,NA,NA,1232.667969,6137.642085,0.018487156,1.330000043,38.33333206,52.25,52.44565217,4,NA,6120712210,0.1,1.52,3.93,0,94.44,0,0,216,1519,63,14078,554,0.885999978,198,979,3.657999992,19,5,42,42,52,52,Linares (2018),2018,Linares (2018),19.8,1.519,20.794399412043614,6120712210,5702.727446320066,-0.12671821727074328,3.3453728558880518,0.0720806137265116,0.0420061184897853,from posterior of brm_prop_insects_beta model,0.39482928502901504,0.02982615269204955,3127.3357101639717,0.03543663292625309,1.0397199706021807,0.6027391940419367,0.7672592187170673,0.31398832887461786,-0.3022432839575456,-0.809432717810893,-0.48726836128190365,-0.7451635441566482,-0.7119798886916093,-0.6275411892540262,-0.5849529145507947,1.81650394717206
186,1312.2011513207083,968.0375359854481,0.0013122011513207084,9.680375359854481e-4,186,3.11800041446991,-0.0063474756989707025,no,8928.955,6177.587798991789,2410.795535681471,DM,mg_m2_y,NA,NA,NA,NA,NA,NA,Linares_2018_close3,NA,-46.881099999999996,-20.131982000000004,NA,NA,NA,NA,1232.667969,6137.642085,0.018487156,1.330000043,38.33333206,52.25,52.44565217,4,NA,6120712210,0.1,1.52,3.93,0,94.44,0,0,216,1519,63,14078,554,0.885999978,198,979,3.657999992,19,5,42,42,52,52,Linares (2018),2018,Linares (2018),19.8,1.519,20.794399412043614,6120712210,6177.587798991789,-0.06400979895494009,3.3821603785687717,0.13184747951021308,0.04571935299377945,from posterior of brm_prop_insects_beta model,0.41959075485756125,0.031662290321184144,3127.3357101639717,0.038350773834237684,1.0397199706021807,0.6027391940419367,0.7672592187170673,0.31398832887461786,-0.3022432839575456,-0.809432717810893,-0.48726836128190365,-0.7451635441566482,-0.7119798886916093,-0.6275411892540262,-0.5849529145507947,1.81650394717206
187,271.0143915127733,200.7965135696195,2.7101439151277324e-4,2.007965135696195e-4,187,2.4329923535630833,-1.085846124777321,no,1826.057,1264.7694055203935,491.6089928138113,DM,mg_m2_y,NA,NA,NA,NA,NA,NA,Linares_2018_close4,NA,-46.881099999999996,-20.131982000000004,NA,NA,NA,NA,1232.667969,6137.642085,0.018487156,1.330000043,38.33333206,52.25,52.44565217,4,NA,6120712210,0.1,1.52,3.93,0,94.44,0,0,216,1519,63,14078,554,0.885999978,198,979,3.657999992,19,5,42,42,52,52,Linares (2018),2018,Linares (2018),19.8,1.519,20.794399412043614,6120712210,1264.7694055203935,-1.3074934157306821,2.6916198186686344,-0.9900395613745382,0.009323082254264094,from posterior of brm_prop_insects_beta model,0.0866598333629374,0.006567593994845314,3127.3357101639717,0.007843101350093775,1.0397199706021807,0.6027391940419367,0.7672592187170673,0.31398832887461786,-0.3022432839575456,-0.809432717810893,-0.48726836128190365,-0.7451635441566482,-0.7119798886916093,-0.6275411892540262,-0.5849529145507947,1.81650394717206
188,7794.4431176709295,5876.289988424588,0.00779444311767093,0.005876289988424588,188,3.8917850919992634,1.2130535237063191,no,53205.32,36890.78507502548,14241.181360217251,DM,mg_m2_y,NA,NA,NA,NA,NA,NA,Linares_2018_open1,NA,-46.881099999999996,-20.131982000000004,No info on insects. Coords for the whole area. Authors not responding,NA,NA,for,1232.667969,6137.642085,0.018487156,1.330000043,38.33333206,52.25,52.44565217,4,NA,6120712210,0.1,1.52,3.93,0,94.44,0,0,216,1519,63,14078,554,0.885999978,198,979,3.657999992,19,5,42,42,52,52,Linares (2018),2018,Linares (2018),19.8,1.519,20.794399412043614,6120712210,36890.78507502548,1.3370583521040649,4.153546017176037,1.385079515008968,0.2700758268461601,from posterior of brm_prop_insects_beta model,2.492358940659509,0.1921999847201834,3127.3357101639717,0.22852228442166445,1.0397199706021807,0.6027391940419367,0.7672592187170673,0.31398832887461786,-0.3022432839575456,-0.809432717810893,-0.48726836128190365,-0.7451635441566482,-0.7119798886916093,-0.6275411892540262,-0.5849529145507947,1.81650394717206
189,1901.5653712369333,1401.1056124370928,0.0019015653712369331,0.0014011056124370927,189,3.279111260002386,0.247545799474962,no,12884.55,8916.941439334203,3461.344369244866,DM,mg_m2_y,NA,NA,NA,NA,NA,NA,Linares_2018_open2,NA,-46.881099999999996,-20.131982000000004,NA,NA,NA,NA,1232.667969,6137.642085,0.018487156,1.330000043,38.33333206,52.25,52.44565217,4,NA,6120712210,0.1,1.52,3.93,0,94.44,0,0,216,1519,63,14078,554,0.885999978,198,979,3.657999992,19,5,42,42,52,52,Linares (2018),2018,Linares (2018),19.8,1.519,20.794399412043614,6120712210,8916.941439334203,0.22374479361004398,3.539244809413396,0.38705477293093044,0.06564240837031561,from posterior of brm_prop_insects_beta model,0.6080464483095839,0.045826955074075366,3127.3357101639717,0.05534045843056966,1.0397199706021807,0.6027391940419367,0.7672592187170673,0.31398832887461786,-0.3022432839575456,-0.809432717810893,-0.48726836128190365,-0.7451635441566482,-0.7119798886916093,-0.6275411892540262,-0.5849529145507947,1.81650394717206
190,4583.25486734703,3330.8508900809925,0.00458325486734703,0.0033308508900809926,190,3.6611740083259123,0.8496353867601355,no,30944.31,21462.330623518406,8333.474049994027,DM,mg_m2_y,NA,NA,NA,NA,NA,NA,Linares_2018_open3,NA,-46.881099999999996,-20.131982000000004,NA,NA,NA,NA,1232.667969,6137.642085,0.018487156,1.330000043,38.33333206,52.25,52.44565217,4,NA,6120712210,0.1,1.52,3.93,0,94.44,0,0,216,1519,63,14078,554,0.885999978,198,979,3.657999992,19,5,42,42,52,52,Linares (2018),2018,Linares (2018),19.8,1.519,20.794399412043614,6120712210,21462.330623518406,0.9123848134222263,3.9208260873867693,1.0069909731513462,0.15803955006432283,from posterior of brm_prop_insects_beta model,1.4655461684050293,0.10894450264364991,3127.3357101639717,0.1329089724683952,1.0397199706021807,0.6027391940419367,0.7672592187170673,0.31398832887461786,-0.3022432839575456,-0.809432717810893,-0.48726836128190365,-0.7451635441566482,-0.7119798886916093,-0.6275411892540262,-0.5849529145507947,1.81650394717206
191,5102.846186367916,3680.9080425295974,0.005102846186367915,0.0036809080425295976,191,3.7078124777152572,0.9231325725220528,no,34797.92,24100.993695623838,9336.849623618575,DM,mg_m2_y,NA,NA,NA,NA,NA,NA,Linares_2018_open4,NA,-46.881099999999996,-20.131982000000004,NA,NA,NA,NA,1232.667969,6137.642085,0.018487156,1.330000043,38.33333206,52.25,52.44565217,4,NA,6120712210,0.1,1.52,3.93,0,94.44,0,0,216,1519,63,14078,554,0.885999978,198,979,3.657999992,19,5,42,42,52,52,Linares (2018),2018,Linares (2018),19.8,1.519,20.794399412043614,6120712210,24100.993695623838,1.0032947208898808,3.9702003642520114,1.0872069149581265,0.17706799165421042,from posterior of brm_prop_insects_beta model,1.6316912091603892,0.12039407022529518,3127.3357101639717,0.14946062107177113,1.0397199706021807,0.6027391940419367,0.7672592187170673,0.31398832887461786,-0.3022432839575456,-0.809432717810893,-0.48726836128190365,-0.7451635441566482,-0.7119798886916093,-0.6275411892540262,-0.5849529145507947,1.81650394717206
192,2698.5374653290783,1605.1117745444342,0.002698537465329078,0.001605111774544434,192,3.4311284520001695,0.48710845977570283,no,15544.444444444443,12600,1.1997044299833406,DM,mg_m2_y,344.44444444444446,1200,3255.5555555555557,NA,NA,NA,Lugthart_Wallace_1992_CoweetaCatchment53_Yr1,138,-83.46000000000001,35.035000000000004,"Coweeta, North Carolina Catchment 53, Year 1: before pesticide.",NA,NA,Table 3,1103.365162,4892.573408,0.019639114,1.399999976,24,48.50925926,49.22222222,4,NA,7121124440,0.03,99.41,0.43,0,0.06,0.08,0,210,1836,137,767,909,3.417000055,117,893,5.153999805,100,1,38,38,48,48,Lugthart and Wallace (1992),1992,Lugthart and Wallace (1992),11.7,1.836,12.026531547950034,7121124440,NA,NA,NA,NA,NA,from posterior of brm_mean_sd_fi model,0.8628870436131045,0.052499529320256554,3127.3357101639717,0.06676497678258668,0.6013265773975017,1.0894863129836052,1.0768472905051294,0.2015593312406443,-0.1095389858527086,1.2498507063865516,-0.6714184248533621,-0.7894958736048053,-0.7614223699323261,-0.6731039953030216,-0.6363456606497844,0.2809983736968197
193,2351.0960809485023,1398.4474115777782,0.0023510960809485022,0.001398447411577778,193,3.3712703775609723,0.3927786056014265,no,12766.666666666668,10977.777777777776,1.1719824468617681,DM,mg_m2_y,700,2455.5555555555557,2055.5555555555557,NA,NA,NA,Lugthart_Wallace_1992_CoweetaCatchment54_Yr1,139,-83.46600000000001,35.035000000000004,"Coweeta, North Carolina Catchment 5r, Year 1: before pesticide",NA,NA,Table 3,1132.671445,4849.087285,0.019746489,1.399999976,24,48.39090909,49.13636364,4,NA,7121124440,0.03,99.57,0.31,0,0.04,0.05,0,210,1836,137,767,909,3.417000055,117,893,5.153999805,100,1,38,38,48,48,Lugthart and Wallace (1992),1992,Lugthart and Wallace (1992),11.7,1.836,12.026531547950034,7121124440,NA,NA,NA,NA,NA,from posterior of brm_mean_sd_fi model,0.751788838437569,0.04574001141310052,3127.3357101639717,0.05483413747190287,0.6013265773975017,1.0894863129836052,1.0768472905051294,0.2015593312406443,-0.1095389858527086,1.2498507063865516,-0.6714184248533621,-0.7894958736048053,-0.7614223699323261,-0.6731039953030216,-0.6363456606497844,0.2809983736968197
194,473.55306084788185,281.68352316046986,4.7355306084788184e-4,2.816835231604698e-4,194,2.675368648053904,-0.7038872874972355,no,4888.888888888889,2211.1111111111113,1.0319495158171148,DM,mg_m2_y,NA,NA,88.88888888888889,NA,NA,NA,Lugthart_Wallace_1992_CoweetaCatchment54_Yr2,140,-83.46600000000001,35.035000000000004,"Coweeta, North Carolina Catchment 54, Year 2: after pesticide",NA,NA,Table 3,1132.671445,4849.087285,0.019746489,1.399999976,24,48.39090909,49.13636364,4,NA,7121124440,0.03,99.57,0.31,0,0.04,0.05,0,210,1836,137,767,909,3.417000055,117,893,5.153999805,100,1,38,38,48,48,Lugthart and Wallace (1992),1992,Lugthart and Wallace (1992),11.7,1.836,12.026531547950034,7121124440,NA,NA,NA,NA,NA,from posterior of brm_mean_sd_fi model,0.15142380119563584,0.009213222790913413,3127.3357101639717,0.020998277186803534,0.6013265773975017,1.0894863129836052,1.0768472905051294,0.2015593312406443,-0.1095389858527086,1.2498507063865516,-0.6714184248533621,-0.7894958736048053,-0.7614223699323261,-0.6731039953030216,-0.6363456606497844,0.2809983736968197
195,1810.9224192810793,1077.144988207798,0.0018109224192810794,0.001077144988207798,195,3.2578998453445234,0.21411890309962414,no,9844.444444444443,8455.555555555557,1.1297937009313157,DM,mg_m2_y,500,1855.5555555555557,1766.6666666666667,NA,NA,NA,Lugthart_Wallace_1992_CoweetaCatchment55_Yr1,141,-83.45700000000001,35.049,"Coweeta, North Carolina Catchment 55, Year 1: before pesticide",NA,NA,Table 3,1075.13125,4904.289978,0.019568942,1.399999976,24,48.79090909,49.48181818,4,NA,7121121760,0.05,99.32,0.49,0,0.04,0.1,0,196,1912,145,820,952,3.895999908,102,1192,4.573999882,100,1,51,51,53,53,Lugthart and Wallace (1992),1992,Lugthart and Wallace (1992),10.2,1.912,10.33707109918169,7121121760,NA,NA,NA,NA,NA,from posterior of brm_mean_sd_fi model,0.5790623671758378,0.035230945151238896,3127.3357101639717,0.04228289451706348,0.5168535549590845,1.2061827831399674,1.143098467775465,0.592446195107599,-0.17672407277586574,1.2498507063865516,-0.6714184248533621,-0.6454158028982946,-0.6007343058999965,-0.6161504877417774,-0.5721047280260473,-0.014874690936546383
196,2013.202183568263,1197.4802031470915,0.002013202183568263,0.0011974802031470915,196,3.3038873927717605,0.28659030621918746,no,11222.222222222224,9400,1.1458646307503313,DM,mg_m2_y,122.22222222222224,1200,1900,NA,NA,NA,Lugthart_Wallace_1992_CoweetaCatchment55_Yr2,142,-83.45700000000001,35.049,"Coweeta, North Carolina Catchment 55, Year 2: after pesticide",NA,NA,Table 3,1075.13125,4904.289978,0.019568942,1.399999976,24,48.79090909,49.48181818,4,NA,7121121760,0.05,99.32,0.49,0,0.04,0.1,0,196,1912,145,820,952,3.895999908,102,1192,4.573999882,100,1,51,51,53,53,Lugthart and Wallace (1992),1992,Lugthart and Wallace (1992),10.2,1.912,10.33707109918169,7121121760,NA,NA,NA,NA,NA,from posterior of brm_mean_sd_fi model,0.6437435472710115,0.03916683438035994,3127.3357101639717,0.04820059081516267,0.5168535549590845,1.2061827831399674,1.143098467775465,0.592446195107599,-0.17672407277586574,1.2498507063865516,-0.6714184248533621,-0.6454158028982946,-0.6007343058999965,-0.6161504877417774,-0.5721047280260473,-0.014874690936546383
197,693.9089541642172,412.74426925149857,6.939089541642172e-4,4.127442692514986e-4,197,2.841302491639323,-0.442393488796957,no,28900,3240,1.0472746573542002,DM,mg_m2_y,NA,NA,NA,3080,NA,NA,Mann_EtAl_1972_Above,NA,-0.9440000000000001,51.46,"River Thames, England. Upstream of River Kennet. Data provided in kcal were converted to g by dividing by 5, following Waters (1977).",60,NA,Table 2,57.92447917,407.1618161,0.030687849,1.364041633,24.32162285,61.53030303,61.37878788,12,NA,2121118720,25.18,3.05,16.95,0,4.67,49.06,1.08,168,704,19,620,269,306.3540039,95,129,59.18000031,0,42,315,296,270,277,Mann et al. (1972),1972,Mann et al. (1972),9.5,0.704,9.586671194532865,2121118720,NA,NA,NA,NA,NA,from posterior of brm_mean_sd_fi model,0.22188502241987776,0.01349991957506325,3127.3357101639717,0.12412845218835453,0.47933355972664327,-0.6486769003980001,-0.488865782963699,-0.7972285082053536,1.2731956030847231,-1.292474508672022,1.2161197267540869,2.280517940680078,2.4276176700939085,1.8556317404162213,2.305889053517377,-0.14629127405389225
198,158.48874477186038,94.26012054365437,1.5848874477186037e-4,9.426012054365436e-5,198,2.1999984258153766,-1.4530193663799753,no,27400,740,1.0104141304600445,DM,mg_m2_y,NA,NA,NA,620,NA,NA,Mann_EtAl_1972_Below,NA,-0.9530000000000001,51.46,"River Thames, England. Downstream of River Kennet. Data provided in kcal were converted to g by dividing by 5, following Waters (1977).",60,NA,Table 2,58.67621528,405.4721377,0.031425753,1.366349971,24.5369606,61.98387097,61.80645161,12,NA,2121118720,25.27,2.81,16.21,0,4.81,49.82,1.08,168,704,19,620,269,306.3540039,95,129,59.18000031,0,42,315,296,270,277,Mann et al. (1972),1972,Mann et al. (1972),9.5,0.704,9.586671194532865,2121118720,NA,NA,NA,NA,NA,from posterior of brm_mean_sd_fi model,0.05067851982016684,0.003083032621586135,3127.3357101639717,0.11768579896058526,0.47933355972664327,-0.6486769003980001,-0.488865782963699,-0.7972285082053536,1.2731956030847231,-1.292474508672022,1.2161197267540869,2.280517940680078,2.4276176700939085,1.8556317404162213,2.305889053517377,-0.14629127405389225
199,1813.9562866615236,1296.1580089644613,0.0018139562866615235,0.0012961580089644613,199,3.258626817073343,0.21526453195272088,no,12140,8511.228167725656,3095.399271126793,DM,mg_m2_y,NA,NA,NA,NA,NA,NA,Maslin_Pattee_1981_L'Ance_du_Nord,NA,3.907,45.412,"L'Ance du Nord, a small river in France",10,NA,Table 4,910.4155273,778.0579705,0.018314246,1.450000048,12.66666698,58.359375,58.1875,3,NA,2121183820,17.5,36.16,30.22,0,14.59,1.54,0,170,740,67,450,305,22.49699974,85,831,3.674999952,42,9,108,115,58,77,Maslin and Pattee (1981),1981,Maslin and Pattee (1981),8.5,0.74,8.568412897062547,2121183820,8511.228167725656,0.18723558944290497,3.4907166759937067,0.3082135184653726,0.05870246971953573,from posterior of brm_prop_insects_beta model,0.5800324796490796,0.0423943593676699,3127.3357101639717,0.052142540123412594,0.42842064485312736,-0.5933996250607758,-0.40740560309506973,0.12050586783010518,-0.29964258752109935,-0.22469791834742103,-0.3031182977104452,-0.013680108262055063,0.19034539395147254,-0.5591969801805332,-0.2637482514321089,-0.3246175576200647
200,864.9401502226351,648.7570527085552,8.649401502226351e-4,6.487570527085552e-4,200,2.93698605737544,-0.2916065333640524,no,5780,3960.3421172434914,1504.082898826444,DM,mg_m2_y,1810,407,711,1736,104,NA,McCutchan_Lewis_2002_Alpine_9495,79,-105.63,40.230000000000004,"1994 to 1995: """"Other taxa"""" in Appendix 1...not clear if that is only insects or not. It was left out",NA,NA,Appendix Table 1/ Table 2,3474.134004,785.8686516,0.019261142,1.312000036,18.39999962,54.39830508,54.77966102,3,NA,7120535210,0,23.61,6,0,70.07,0,0.31,108,682,184,4764,91,5.368999958,-6,3204,0.527999997,97,0,26,26,26,26,McCutchan and Lewis (2002),2002,McCutchan and Lewis (2002),-0.6,0.682,2.7838139965055104,7120535210,3960.3421172434914,-0.4125825536028142,3.1772717734302964,-0.20102488784652817,0.028524068493396698,from posterior of brm_prop_insects_beta model,0.2765741290298779,0.021219357088114836,3127.3357101639717,0.024825690437670904,0.13919069982527552,-0.6824574575485259,-0.540723809292735,3.2227618141721903,-1.3590081788570179,1.1735809499347944,-0.7174559407462267,-0.9224928619492768,-0.9097498136544766,-0.9236994285724961,-0.9190057641942279,-1.3376670229865604
201,700.6540929240261,523.4115392430707,7.006540929240261e-4,5.234115392430708e-4,201,2.84550366331503,-0.4357728964166742,no,4710,3229.0361543376443,1223.8730066270793,DM,mg_m2_y,1353,545,86,1056,253,NA,McCutchan_Lewis_2002_Alpine_9596,79,-105.63,40.230000000000004,"1995 to 1996: """"Other taxa"""" in Appendix 1...not clear if that is only insects or not. It was left out",NA,NA,Appendix Table 1/ Table 2,3474.134004,785.8686516,0.019261142,1.312000036,18.39999962,54.39830508,54.77966102,3,NA,7120535210,0,23.61,6,0,70.07,0,0.31,108,682,184,4764,91,5.368999958,-6,3204,0.527999997,97,0,26,26,26,26,McCutchan and Lewis (2002),2002,McCutchan and Lewis (2002),-0.6,0.682,2.7838139965055104,7120535210,3229.0361543376443,-0.5726374204644431,3.087736356222607,-0.346488644935674,0.023210048791518376,from posterior of brm_prop_insects_beta model,0.22404185474775576,0.017119592471279022,3127.3357101639717,0.020229931135195497,0.13919069982527552,-0.6824574575485259,-0.540723809292735,3.2227618141721903,-1.3590081788570179,1.1735809499347944,-0.7174559407462267,-0.9224928619492768,-0.9097498136544766,-0.9236994285724961,-0.9190057641942279,-1.3376670229865604
202,179.61443525093694,130.86845795641554,1.7961443525093694e-4,1.3086845795641554e-4,202,2.2543412371080147,-1.36738097068013,no,1210,842.4196768745455,310.4042069011179,DM,mg_m2_y,2980,592,5297,1358,602,NA,McCutchan_Lewis_2002_Foothills_9495,80,-105.44000000000001,40.21,"1994 to 1995: """"Other taxa"""" in Appendix 1...not clear if that is only insects or not. It was left out",NA,NA,Appendix Table 1/ Table 2,2408.512182,345.3425127,0.01715942,1.312000036,18.39999962,61,61.26271186,3,NA,7121069180,0.13,87.58,9.49,0,2.75,0.05,0,153,462,135,688,68,8.498000145,42,2494,0.273999989,100,0,45,45,49,49,McCutchan and Lewis (2002),2002,McCutchan and Lewis (2002),4.2,0.462,5.063719530485345,7121069180,842.4196768745455,-1.6260926001922653,2.4919275986092195,-1.3144696193027243,0.005886637541849765,from posterior of brm_prop_insects_beta model,0.05743369177385802,0.0042804074797405355,3127.3357101639717,0.0051970736037338745,0.2531859765242673,-1.0202630290537849,-1.1768719098807277,2.29456892672892,-1.6881070995545464,1.2498507063865516,-0.7174559407462267,-0.7119142970705303,-0.6748980277610718,-0.6617132937907727,-0.623497474125037,-0.9383900597969476
203,153.18249200636595,113.45548093730028,1.5318249200636593e-4,1.1345548093730027e-4,203,2.185209130443216,-1.4763256970440746,no,1010,701.5325635760687,259.4213073099435,DM,mg_m2_y,3759,1263,1978,817,1187,NA,McCutchan_Lewis_2002_Foothills_9596,80,-105.44000000000001,40.21,"1995 to 1996: """"Other taxa"""" in Appendix 1...not clear if that is only insects or not. It was left out",NA,NA,Appendix Table 1/ Table 2,2408.512182,345.3425127,0.01715942,1.312000036,18.39999962,61,61.26271186,3,NA,7121069180,0.13,87.58,9.49,0,2.75,0.05,0,153,462,135,688,68,8.498000145,42,2494,0.273999989,100,0,45,45,49,49,McCutchan and Lewis (2002),2002,McCutchan and Lewis (2002),4.2,0.462,5.063719530485345,7121069180,701.5325635760687,-1.769576660960468,2.4140056435564756,-1.4410655597160138,0.004919776126787276,from posterior of brm_prop_insects_beta model,0.04898178711946928,0.003710868889303457,3127.3357101639717,0.004338053173364639,0.2531859765242673,-1.0202630290537849,-1.1768719098807277,2.29456892672892,-1.6881070995545464,1.2498507063865516,-0.7174559407462267,-0.7119142970705303,-0.6748980277610718,-0.6617132937907727,-0.623497474125037,-0.9383900597969476
204,1236.9650962719732,915.4973494475851,0.0012369650962719733,9.15497349447585e-4,204,3.0923574452149385,-0.0467580230324632,no,8110,5627.747039646252,2091.735327541616,DM,mg_m2_y,2859,547,1832,941,947,NA,McCutchan_Lewis_2002_Montane_9495,81,-105.52,40.21,"1994 to 1995: """"Other taxa"""" in Appendix 1...not clear if that is only insects or not. It was left out",NA,NA,Appendix Table 1/ Table 2,2684.759814,442.2931734,0.018143258,1.312000036,18.39999962,58.63559322,59.11864407,3,NA,7121069180,0,90.68,7.97,0,1.28,0.07,0,153,462,135,688,68,8.498000145,42,2494,0.273999989,100,0,45,45,49,49,McCutchan and Lewis (2002),2002,McCutchan and Lewis (2002),4.2,0.462,5.063719530485345,7121069180,5627.747039646252,-0.13709499452360727,3.3205067313137504,0.031681852905034454,0.0396685593589342,from posterior of brm_prop_insects_beta model,0.39553319851520413,0.02994382117319028,3127.3357101639717,0.0348332784514725,0.2531859765242673,-1.0202630290537849,-1.1768719098807277,2.29456892672892,-1.6881070995545464,1.2498507063865516,-0.7174559407462267,-0.7119142970705303,-0.6748980277610718,-0.6617132937907727,-0.623497474125037,-0.9383900597969476
205,979.6692941415993,714.0258883301665,9.796692941415992e-4,7.140258883301664e-4,205,2.9910794961331484,-0.20636112182006877,no,6340,4408.541382431031,1630.5482688177758,DM,mg_m2_y,2378,689,628,838,651,NA,McCutchan_Lewis_2002_Montane_9596,81,-105.52,40.21,"1995 to 1996: """"Other taxa"""" in Appendix 1...not clear if that is only insects or not. It was left out",NA,NA,Appendix Table 1/ Table 2,2684.759814,442.2931734,0.018143258,1.312000036,18.39999962,58.63559322,59.11864407,3,NA,7121069180,0,90.68,7.97,0,1.28,0.07,0,153,462,135,688,68,8.498000145,42,2494,0.273999989,100,0,45,45,49,49,McCutchan and Lewis (2002),2002,McCutchan and Lewis (2002),4.2,0.462,5.063719530485345,7121069180,4408.541382431031,-0.32852518169671796,3.212333659671215,-0.14406157810502576,0.030922411615634235,from posterior of brm_prop_insects_beta model,0.31326003503801436,0.023354151190156935,3127.3357101639717,0.027230947642704763,0.2531859765242673,-1.0202630290537849,-1.1768719098807277,2.29456892672892,-1.6881070995545464,1.2498507063865516,-0.7174559407462267,-0.7119142970705303,-0.6748980277610718,-0.6617132937907727,-0.623497474125037,-0.9383900597969476
206,687.1862825000753,492.5101898151587,6.871862825000753e-4,4.925101898151587e-4,206,2.837074481594456,-0.4490563755455905,no,4710,3223.064172737947,1232.8453797797733,DM,mg_m2_y,729,749,255,1421,894,NA,McCutchan_Lewis_2002_Subalpine_9495,82,-105.63,40.21,"1994 to 1995: """"Other taxa"""" in Appendix 1...not clear if that is only insects or not. It was left out",NA,NA,Appendix Table 1/ Table 2,3416.766529,758.9005042,0.019592935,1.312000036,18.39999962,54.06666667,54.43333333,4,NA,7120535210,0,33.33,5.71,0,60.66,0,0.3,108,682,184,4764,91,5.368999958,-6,3204,0.527999997,97,0,26,26,26,26,McCutchan and Lewis (2002),2002,McCutchan and Lewis (2002),-0.6,0.682,2.7838139965055104,7120535210,3223.064172737947,-0.5740887763996994,3.090908611941075,-0.34133483821150945,0.023380204696193205,from posterior of brm_prop_insects_beta model,0.21973537419302033,0.01610888011712748,3127.3357101639717,0.020229931135195497,0.13919069982527552,-0.6824574575485259,-0.540723809292735,3.2227618141721903,-1.3590081788570179,1.1735809499347944,-0.7174559407462267,-0.9224928619492768,-0.9097498136544766,-0.9236994285724961,-0.9190057641942279,-1.3376670229865604
207,482.64210159149087,356.79701539999604,4.8264210159149084e-4,3.5679701539999606e-4,207,2.683625203381613,-0.690875848901165,no,3330,2276.3688260671975,868.2051199235258,DM,mg_m2_y,666,507,249,1090,450,NA,McCutchan_Lewis_2002_Subalpine_9596,82,-105.63,40.21,"1995 to 1996: """"Other taxa"""" in Appendix 1...not clear if that is only insects or not. It was left out",NA,NA,Appendix Table 1/ Table 2,3416.766529,758.9005042,0.019592935,1.312000036,18.39999962,54.06666667,54.43333333,4,NA,7120535210,0,33.33,5.71,0,60.66,0,0.3,108,682,184,4764,91,5.368999958,-6,3204,0.527999997,97,0,26,26,26,26,McCutchan and Lewis (2002),2002,McCutchan and Lewis (2002),-0.6,0.682,2.7838139965055104,7120535210,2276.3688260671975,-0.8467320592574998,2.9386223426037854,-0.5887467963141547,0.01646501155377736,from posterior of brm_prop_insects_beta model,0.15433012197023935,0.011670013059799889,3127.3357101639717,0.014302690165647771,0.13919069982527552,-0.6824574575485259,-0.540723809292735,3.2227618141721903,-1.3590081788570179,1.1735809499347944,-0.7174559407462267,-0.9224928619492768,-0.9097498136544766,-0.9236994285724961,-0.9190057641942279,-1.3376670229865604
208,1817.2782736231752,1278.479656801811,0.0018172782736231752,0.001278479656801811,208,3.2594214344327734,0.21651676300662126,no,12255.555555555557,8574.560306632275,3225.891519919215,DM,mg_m2_y,200,NA,4955.555555555556,NA,1133.3333333333337,NA,Mello_etal2020_Broa,NA,-47.89883330000001,-22.1947,*Ash free dry mass* . I have mailed the author.,0.84,NA,dry,739.373067,5634.361459,0.011427464,1.373332977,38.66666794,52.79545455,52.79545455,6,NA,6120743870,13.38,19.02,15.19,0,44,1.63,6.78,224,1376,38,7314,472,24.47400093,199,738,9.717000008,4,25,78,106,98,133,Mello et al. (2020),2020,Mello et al. (2020),19.9,1.376,20.879239185288963,6120743870,8574.560306632275,0.19304788351762645,3.508649758870482,0.3373485098777178,0.06117718028589921,from posterior of brm_prop_insects_beta model,0.5810947215282788,0.041816140964181896,3127.3357101639717,0.05263886303873704,1.0439619592644482,0.3831655725635183,0.6057634630494125,-0.0010743272857034571,0.24841510340512712,-1.190781500069679,0.43348195657538857,-0.34617257912323374,0.0790998111598597,-0.10356891969057948,0.45575019395374716,1.8313618290071756
209,2275.8539494131987,1684.7497920690557,0.0022758539494131987,0.0016847497920690557,209,3.3571443882155085,0.370517573526656,no,15066.666666666668,10652.28599636596,3881.5742284866265,DM,mg_m2_y,311.11111111111114,NA,3766.666666666667,NA,4644.444444444444,NA,Mello_etal2020_Chanchim,NA,-47.8427,-21.9668667,*Ash free dry mass* . I have mailed the author.,1.16,NA,dry,832.5638021,5980.672094,0.010372566,1.373332977,38.66666794,53.37894737,53.35789474,6,NA,6121262980,29.19,18.46,18.15,0,28.08,6.1,0.03,221,1426,32,6985,481,1594.572998,195,829,2.048000097,3,28,268,268,303,303,Mello et al. (2020),2020,Mello et al. (2020),19.5,1.426,20.535045303468692,6121262980,10652.28599636596,0.3631602019223392,3.5890078957200724,0.46790239417705015,0.0736118263441088,from posterior of brm_prop_insects_beta model,0.7277293390717787,0.05510430644690097,3127.3357101639717,0.06471287242114908,1.0267522651734347,0.4599395660874408,0.6640633928200301,0.11789123997815232,-0.6260419363336315,-1.2162047522202648,0.5715945042539824,1.7596130696642316,2.081520301408891,2.231524890320433,2.63994190316081,1.7710835912322338
210,2147.3687102476883,1602.5081961695487,0.0021473687102476885,0.0016025081961695486,210,3.331906620625295,0.3307455802112454,no,14500,10131.718070411811,3827.691689183788,DM,mg_m2_y,1500,844.4444444444445,4222.222222222223,NA,1633.3333333333337,NA,Mello_etal2020_Espraiado,NA,-47.8736333,-21.980516699999995,*Ash free dry mass* . I have mailed the author.,0.57,NA,dry,857.6958763,5996.462601,0.008921065,1.373332977,38.66666794,53.2,53.225,6,NA,6121261690,14.99,12.44,15.87,0,28.46,28.22,0.01,225,1395,33,15793,475,98.86799622,200,746,2.111000061,6,54,152,152,172,172,Mello et al. (2020),2020,Mello et al. (2020),20,1.395,20.9632692668105,6121261690,10131.718070411811,0.32387803039225144,3.582936949199214,0.4580392280964939,0.07258997492696186,from posterior of brm_prop_insects_beta model,0.6866447702651974,0.05241437223562381,3127.3357101639717,0.06227898120176957,1.048163463340525,0.41233969010260885,0.6281632525367261,0.00938418412210804,-0.6092202527612567,-1.1399349957685074,1.7685699174684621,0.4739755156676737,0.647688345428103,0.7393429922158349,0.9568294684188969,1.846077910558119
211,2628.9080620067666,1898.156685508884,0.0026289080620067666,0.001898156685508884,211,3.4197753982549695,0.4692172744301857,no,16722.222222222223,12072.336717824359,4351.939942265589,DM,mg_m2_y,NA,NA,NA,NA,NA,NA,Meyerhoff_1991_Clearwater,NA,-122.064786,46.289031,Third-order stream in Washington after volcanic eruption. Mean of 1985 and 1986 values.,NA,21.9,Table 5.10,1105.472384,1833.716883,0.020230043,1.119523713,13.42857156,52.015625,52.25,1,NA,7121000920,0,63.84,30.41,0,5.68,0.02,0.04,144,2589,168,6478,1567,0.114,63,985,9.225000381,97,0,15,15,14,14,Meyerhoff (1991),1991,Meyerhoff (1991),6.3,2.589,6.58951597616892,7121000920,12072.336717824359,0.4612739557711685,3.638682893371506,0.5486069021485777,0.08253204200991082,from posterior of brm_prop_insects_beta model,0.8406222758441653,0.06208435708073861,3127.3357101639717,0.07182365265031664,0.329475798808446,2.245702655453878,1.638214916223566,0.3218322124304765,0.21902818754477985,1.1735809499347944,-0.7174559407462267,-1.044406767931709,-1.045716637066448,-1.0603878467194823,-1.073184002491197,-0.6711792643502661
212,1781.7345784025854,1360.21174174826,0.0017817345784025853,0.00136021174174826,212,3.2508430084996385,0.2029980911332147,no,11444.444444444443,8130.69649009374,2983.4879864005093,DM,mg_m2_y,NA,NA,NA,NA,NA,NA,Meyerhoff_1991_Elk,NA,-121.94326000000002,46.28689,Second-order stream in Washington after volcanic eruption. Mean of 1985 and 1986 values.,NA,10.4,Table 5.10,1162.390504,1827.426619,0.024440729,1.162083238,16.83333325,50.87692308,51.88461538,2,NA,7120381040,0,99.78,0.22,0,0,0,0,149,2430,155,1041,1527,0,64,977,6.090000153,100,0,0,0,0,0,Meyerhoff (1991),1991,Meyerhoff (1991),6.4,2.43,6.671106874805527,7120381040,8130.69649009374,0.1513748342284185,3.4747242934117337,0.2822314866869914,0.05658013646702205,from posterior of brm_prop_insects_beta model,0.5697292339328565,0.044489410239319856,3127.3357101639717,0.04915505796001736,0.33355534374027634,2.0015613560478047,1.5346898938464304,0.311373701022665,-0.015500980627242962,1.2498507063865516,-0.7174559407462267,-1.2106530033622984,-1.231125941719136,-1.219857667890966,-1.253058613837661,-0.6568903538028769
213,179.91019350918162,107.01099215531755,1.799101935091816e-4,1.0701099215531756e-4,213,2.2550557706794727,-1.3662549430183697,no,1810,840,1.0118126992459575,DM,mg_m2_y,170,440,50,NA,NA,NA,Miller_1985_Site1,83,-79.51,37.9,"From article: """"Production estimates obtained by multiplying an assumed annual turnover ratio by average standing biomass are indicated by (t). All others were calculated using the size-frequency method.""""",3,NA,"Tables 2,3,4,5",635.1902412,3022.945794,0.02850184,1.345555504,22.33333206,50.75454545,51.50909091,6,NA,7121094630,4.03,83.1,9.67,0,3.08,0.12,0,226,1059,92,1935,410,7.363999844,117,484,15.67300034,77,25,86,61,79,60,Miller (1985),1985,Miller (1985),11.7,1.059,12.026531547950034,7121094630,NA,NA,NA,NA,NA,from posterior of brm_mean_sd_fi model,0.05752826373083836,0.0035000844236173874,3127.3357101639717,0.007774134894841581,0.6013265773975017,-0.10358154637815031,0.1780508606401783,-0.33313206448371846,0.5191144781879252,0.6651159069230798,0.43348195657538857,-0.25750792022691943,-0.4771281027982045,-0.3199922484233075,-0.48216742235281523,0.2809983736968197
214,2552.8964924522847,1518.4964911854377,0.0025528964924522845,0.0015184964911854374,214,3.4070332066302966,0.44913695796365766,no,12460,11920,1.188196574784683,DM,mg_m2_y,740,740,9740,NA,NA,NA,Miller_1985_Site2,84,-79.5,37.92,"From article: """"Production estimates obtained by multiplying an assumed annual turnover ratio by average standing biomass are indicated by (t). All others were calculated using the size-frequency method.""""",5.3,NA,"Tables 2,3,4,5",656.6465909,2979.323824,0.028228524,1.346223876,22.33333206,49.32173913,50.13043478,6,NA,7121094630,0.39,95.53,3.36,0,0.62,0.1,0,226,1059,92,1935,410,7.363999844,117,484,15.67300034,77,25,86,61,79,60,Miller (1985),1985,Miller (1985),11.7,1.059,12.026531547950034,7121094630,NA,NA,NA,NA,NA,from posterior of brm_mean_sd_fi model,0.8163167402064526,0.049666541810973235,3127.3357101639717,0.05351697281200337,0.6013265773975017,-0.10358154637815031,0.1780508606401783,-0.33313206448371846,0.5191144781879252,0.6651159069230798,0.43348195657538857,-0.25750792022691943,-0.4771281027982045,-0.3199922484233075,-0.48216742235281523,0.2809983736968197
215,1747.6218170226828,1039.5005661613334,0.0017476218170226828,0.0010395005661613336,215,3.2424474577320948,0.1897676107504957,no,9520,8160,1.124924967663374,DM,mg_m2_y,580,290,6620,NA,NA,NA,Miller_1985_Site3,85,-79.48,37.94,"From article: """"Production estimates obtained by multiplying an assumed annual turnover ratio by average standing biomass are indicated by (t). All others were calculated using the size-frequency method.""""",6.1,NA,"Tables 2,3,4,5",608.0479526,3032.168579,0.028742852,1.339553441,22.33333206,49.72321429,50.50892857,6,NA,7121094630,0.31,92.94,4.77,0,0.39,0.3,1.29,226,1059,92,1935,410,7.363999844,117,484,15.67300034,77,25,86,61,79,60,Miller (1985),1985,Miller (1985),11.7,1.059,12.026531547950034,7121094630,NA,NA,NA,NA,NA,from posterior of brm_mean_sd_fi model,0.5588213031760034,0.033999682338072254,3127.3357101639717,0.04088937248557561,0.6013265773975017,-0.10358154637815031,0.1780508606401783,-0.33313206448371846,0.5191144781879252,0.6651159069230798,0.43348195657538857,-0.25750792022691943,-0.4771281027982045,-0.3199922484233075,-0.48216742235281523,0.2809983736968197
216,852.3968498321212,507.02622227688454,8.523968498321213e-4,5.070262222768846e-4,216,2.9306418360409268,-0.3016043403256155,no,5540,3980,1.0584205658340389,DM,mg_m2_y,880,320,2240,NA,NA,NA,Miller_1985_Site4,86,-79.47,37.949999999999996,"From article: """"Production estimates obtained by multiplying an assumed annual turnover ratio by average standing biomass are indicated by (t). All others were calculated using the size-frequency method.""""",5.6,NA,"Tables 2,3,4,5",578.1604873,3063.908205,0.029569136,1.339553441,22.33333206,50.24299065,51.04672897,6,NA,7121094630,0.51,89.74,6.99,0,0.93,0.36,1.47,226,1059,92,1935,410,7.363999844,117,484,15.67300034,77,25,86,61,79,60,Miller (1985),1985,Miller (1985),11.7,1.059,12.026531547950034,7121094630,NA,NA,NA,NA,NA,from posterior of brm_mean_sd_fi model,0.2725632707297128,0.016583666287115217,3127.3357101639717,0.02379486592122782,0.6013265773975017,-0.10358154637815031,0.1780508606401783,-0.33313206448371846,0.5191144781879252,0.6651159069230798,0.43348195657538857,-0.25750792022691943,-0.4771281027982045,-0.3199922484233075,-0.48216742235281523,0.2809983736968197
217,276.27578942508296,164.32826243420223,2.7627578942508295e-4,1.6432826243420223e-4,217,2.441342828529322,-1.0726866789843998,no,3810,1290,1.0183062604210926,DM,mg_m2_y,130,790,0,NA,NA,NA,Miller_1985_SitePB,87,-79.49000000000001,37.93,"From article: """"Production estimates obtained by multiplying an assumed annual turnover ratio by average standing biomass are indicated by (t). All others were calculated using the size-frequency method.""""",2.9,NA,"Tables 2,3,4,5",631.9408482,3008.70637,0.028372012,1.344791583,22.33333206,49.5,50.31578947,6,NA,7121094630,0.24,95.14,3.55,0,0.47,0.16,0.45,226,1059,92,1935,410,7.363999844,117,484,15.67300034,77,25,86,61,79,60,Miller (1985),1985,Miller (1985),11.7,1.059,12.026531547950034,7121094630,NA,NA,NA,NA,NA,from posterior of brm_mean_sd_fi model,0.08834222323083994,0.005374801037927586,3127.3357101639717,0.016364339198533934,0.6013265773975017,-0.10358154637815031,0.1780508606401783,-0.33313206448371846,0.5191144781879252,0.6651159069230798,0.43348195657538857,-0.25750792022691943,-0.4771281027982045,-0.3199922484233075,-0.48216742235281523,0.2809983736968197
218,3753.011340611067,2839.9790873688485,0.0037530113406110672,0.002839979087368849,218,3.57437987673852,0.712857218525904,no,25020,17445.10242205148,6575.994519459298,DM,mg_m2_y,NA,NA,NA,NA,NA,NA,Mortensen_Simonsen_1983_BisballeBaek,197,9.333,56.367,Small stream in Denmark.,1,NA,Table 2,54.99504573,544.1690318,0.016234004,1.166257119,11.54142828,57.56081081,57.58783784,5,NA,2121079200,50.02,30.03,13.26,0,0.95,1.83,3.9,156,772,7,193,613,30.37400055,75,40,8.534999847,21,58,159,168,109,115,Mortensen and Simonsen (1983),1983,Mortensen and Simonsen (1983),7.5,0.772,7.621927937729622,2121079200,17445.10242205148,0.7499044571584698,3.817961442584066,0.8398718802684387,0.12470995995740157,from posterior of brm_prop_insects_beta model,1.200066666464244,0.09288921041561324,3127.3357101639717,0.10746345583919135,0.3810963968864811,-0.5442642692054654,-0.3382570499106843,-0.9135794476172565,0.17507510747330718,-0.7585862135097214,1.9527199810399207,0.5515570922019487,0.8454582703909703,0.02172879694415779,0.22448283650829343,-0.4903742675515548
219,1160.446,772.6448806097395,0.0011604459999999999,0,219,3.0646249358753765,-0.09046145964308998,yes,NA,NA,NA,DM,mg_m2_y,NA,NA,NA,NA,NA,1160.446,Nakano_Murakami_2001,NA,141.596,42.676,"Sum of daily measurements multiplied by number of days in  each of 12 months, Figure 1C",NA,NA,"Aquatic to Terrestrial Flux, extracted from Figure 1C",36.08993902,1638.391556,0.032526766,1.022500038,17.75,54.61290323,54.66666667,5,NA,4120361260,0.8,69.99,0.69,0,3.35,23.81,1.37,210,1110,16,727,918,295.1340027,70,54,6.356999874,82,10,259,259,272,272,Nakano and Murakami (2001),2001,Nakano and Murakami (2001),7,1.11,7.1777001726260865,4120361260,NA,NA,NA,NA,NA,from posterior of brm_mean_sd_fi model,0.3710653756258089,0.025271444149258672,3127.3357101639717,NA,0.35888500863130435,-0.02527207298374937,0.2548773051186047,-0.8952770526535864,0.008700481896868338,0.7922321676760083,-0.2570807818175806,1.659865328405878,1.9702747186172782,1.878413143440719,2.2416481208936396,-0.5681713123727185
220,2246.283958825855,1648.012387559354,0.0022462839588258546,0.001648012387559354,220,3.351464655734927,0.36156692916227035,no,14870.36563,10434.505219624061,3826.354618523313,DM,mg_m2_y,NA,NA,NA,NA,NA,NA,Naslund_2021_unmined,NA,-82.003,38.129000000000005,Study on contamination- Values are from reference streams,NA,NA,on,312.0127212,3704.699857,0.033032448,1.369617999,22.00347201,50.24561404,50.62280702,6,1.274764277,7120582410,0.98,87.75,4.65,0,6.47,0.16,0,232,1149,88,2315,358,14.68000031,119,303,2.760999918,99,4,53,53,56,56,Naslund (2021),2021,Naslund (2021),11.9,1.149,12.258079858788925,7120582410,10434.505219624061,0.346965202140803,3.582785217058508,0.4577927164037289,0.0725646181496661,from posterior of brm_prop_insects_beta model,0.7182740092550147,0.05390271009965929,3127.3357101639717,0.06386973941615244,0.6129039929394462,0.03461164196491018,0.31128152345822563,-0.5697558850854536,-0.45970690914500234,1.2244274542359659,-0.5333058771747683,-0.623249638174216,-0.5760130652796381,-0.5819783832050308,-0.533560168451805,0.32154913556196213
221,3722.564371417236,2214.215515415953,0.003722564371417236,0.0022142155154159533,221,3.570842216406641,0.7072822482925524,no,86709.32,17381.48,1.2884586309814652,DM,mg_m2_y,270.82,NA,48.96,14222.2,2839.5,NA,Nelson_2023_G1,NA,-109.41487300000001,40.907225,Green river. Sites downstream Flaming Gorge Dam. Exact location could be retrieved from Fig1 and GoogleMap. Stream size also estimated from map,30,NA,Gorge Dam. Exact location could be retrieved from Fig1,2024.186441,330.6548882,0.029934155,1.273853966,22.06696429,73.83783784,74.54954955,6,NA,7121062760,0,27.99,32.45,0,34.57,0.24,4.76,185,307,47,1150,52,1.684999943,53,2190,97.79100037,86,1,27,40,28,41,Nelson (2023),2023,Nelson (2023),5.3,0.307,5.818488132310448,7121062760,NA,NA,NA,NA,NA,from posterior of brm_mean_sd_fi model,1.1903309130896138,0.07242191741191342,3127.3357101639717,0.3724253869171188,0.29092440661552244,-1.2582624089779446,-1.844466662221639,1.8971454932320833,1.5585639386993586,0.8939251762783513,-0.6714184248533621,-0.9114097795872376,-0.7367011293119677,-0.9009180255479984,-0.7262829663230164,-0.8062083922865679
222,5734.152096693885,3410.724672576203,0.005734152096693886,0.003410724672576203,222,3.758469208296343,1.0029621035156249,no,46606.98,26773.89,1.4792805693380044,DM,mg_m2_y,11779.89,790.89,2665.72,7059.71,4477.68,NA,Nelson_2023_G2,NA,-109.370054,40.902482,Green river. Sites downstream Flaming Gorge Dam. Exact location could be retrieved from Fig1 and GoogleMap. Stream size also estimated from map,30,NA,Gorge Dam. Exact location could be retrieved from Fig1,2088.319853,340.3246945,0.030317797,1.27677083,22.44196429,73.28571429,73.98319328,6,NA,7120518420,0,28.89,27.48,0,43.46,0.17,0,184,307,48,1150,57,1.679999948,52,2216,98.00900269,73,1,29,40,30,41,Nelson (2023),2023,Nelson (2023),5.2,0.307,5.745863357931571,7120518420,NA,NA,NA,NA,NA,from posterior of brm_mean_sd_fi model,1.8335582195597522,0.11155699110241613,3127.3357101639717,0.20018174008905176,0.28729316789657855,-1.2582624089779446,-1.844466662221639,1.9311356553074706,1.559829350812144,0.5634228983207368,-0.6714184248533621,-0.889243614863159,-0.7367011293119677,-0.8781366225235008,-0.7262829663230164,-0.8189270768698325
223,3257.935455363604,1937.8489353162965,0.003257935455363604,0.0019378489353162967,223,3.512942476026176,0.6160385168830901,no,29673.61,15211.96,1.2477644260519938,DM,mg_m2_y,4405.24,1021,1123,5571.37,3091.35,NA,Nelson_2023_G3,NA,-109.32878199999998,40.91117,Green river. Sites downstream Flaming Gorge Dam. Exact location could be retrieved from Fig1 and GoogleMap. Stream size also estimated from map,30,NA,Gorge Dam. Exact location could be retrieved from Fig1,2049.497374,342.3400387,0.029895222,1.283958401,23.36607143,74.20833333,74.91666667,6,NA,7120518420,0,21.63,24.52,0,53.85,0,0,184,307,48,1150,57,1.679999948,52,2216,98.00900269,73,1,29,40,30,41,Nelson (2023),2023,Nelson (2023),5.2,0.307,5.745863357931571,7120518420,NA,NA,NA,NA,NA,from posterior of brm_mean_sd_fi model,1.041760705374603,0.06338259964901248,3127.3357101639717,0.12745118616404424,0.28729316789657855,-1.2582624089779446,-1.844466662221639,1.9311356553074706,1.559829350812144,0.5634228983207368,-0.6714184248533621,-0.889243614863159,-0.7367011293119677,-0.8781366225235008,-0.7262829663230164,-0.8189270768698325
224,6973.422153452049,4147.853415167764,0.006973422153452049,0.004147853415167764,224,3.8434459570972446,1.1368762729521225,no,55477.45,32560.33,1.6119137253969242,DM,mg_m2_y,11709.75,5879.17,1318.87,6358.67,7293.87,NA,Nelson_2023_G4,NA,-109.272513,40.911535,NA,35,NA,NA,2012.076042,352.2171405,0.029345376,1.284999967,23.5,75.09917355,75.8677686,6,NA,7121063220,0,22.1,36.14,0,41.76,0,0,194,280,48,1154,60,1.656000018,61,2022,99.10800171,50,2,43,40,45,41,Nelson (2023),2023,Nelson (2023),6.1,0.28,6.428781278034391,7121063220,NA,NA,NA,NA,NA,from posterior of brm_mean_sd_fi model,2.2298284545493905,0.13566678373381907,3127.3357101639717,0.2382813148739387,0.32143906390171956,-1.299720365480863,-1.9948335726922881,1.6775167536680418,1.5661660425163761,-0.02131190114273515,-0.6253809089604975,-0.734080461794609,-0.7367011293119677,-0.7072760998397681,-0.7262829663230164,-0.6993285280780156
225,9345.381007600656,5558.706850283435,0.009345381007600656,0.005558706850283435,225,3.970597012095313,1.3372525895718061,no,50200.06,43635.5,1.9013229703187504,DM,mg_m2_y,9213.76,6200,5756.47,18282.51,4182.76,NA,Nelson_2023_G5,NA,-109.17069,40.89974,Green river. Sites downstream Flaming Gorge Dam. Exact location could be retrieved from Fig1 and GoogleMap. Stream size also estimated from map,45,NA,Gorge Dam. Exact location could be retrieved from Fig1,1835.278689,402.4698784,0.03101378,1.335468809,22.79166667,77.31355932,77.83050847,6,NA,7121063520,0.32,9.77,21.24,0,68.41,0,0.26,186,295,48,1155,61,1.65199995,55,2139,99.31800079,42,2,40,40,41,41,Nelson (2023),2023,Nelson (2023),5.5,0.295,5.9661720418461215,7121063520,NA,NA,NA,NA,NA,from posterior of brm_mean_sd_fi model,2.988288394248106,0.18181256775840035,3127.3357101639717,0.2156143857288072,0.2983086020923061,-1.276688167423686,-1.909593852464855,1.830472483007285,1.5673688753976653,-0.22469791834742103,-0.6253809089604975,-0.7673297088807268,-0.7367011293119677,-0.7528389058887635,-0.7262829663230164,-0.7803446966059667
226,8756.63048422714,5208.53105725789,0.00875663048422714,0.00520853105725789,226,3.9423370235632147,1.2927179027785085,no,49931.26,40886.51,1.8250184840018304,DM,mg_m2_y,6714.07,7841.65,5855.45,10029.65,10445.69,NA,Nelson_2023_G6,NA,-109.14099900000001,40.864839999999994,Green river. Sites downstream Flaming Gorge Dam. Exact location could be retrieved from Fig1 and GoogleMap. Stream size also estimated from map,50,NA,Gorge Dam. Exact location could be retrieved from Fig1,1786.578526,424.2099476,0.031807628,1.422410727,21.57142857,77.40336134,78.06722689,6,NA,7121063520,0.32,12.97,18.74,0,67.74,0,0.24,186,295,48,1155,61,1.65199995,55,2139,99.31800079,42,2,40,40,41,41,Nelson (2023),2023,Nelson (2023),5.5,0.295,5.9661720418461215,7121063520,NA,NA,NA,NA,NA,from posterior of brm_mean_sd_fi model,2.800028937017451,0.17035911971525303,3127.3357101639717,0.21445986227039096,0.2983086020923061,-1.276688167423686,-1.909593852464855,1.830472483007285,1.5673688753976653,-0.22469791834742103,-0.6253809089604975,-0.7673297088807268,-0.7367011293119677,-0.7528389058887635,-0.7262829663230164,-0.7803446966059667
227,1458.2349691209513,867.3672049394402,0.0014582349691209513,8.673672049394402e-4,227,3.1638275085983865,0.06587107036804525,no,8908.02,6808.83,1.1030935123646697,DM,mg_m2_y,896.22,NA,41.53,2904.14,2966.94,NA,Nelson_2023_G7,NA,-109.03284199999999,40.828568000000004,Green river. Sites downstream Flaming Gorge Dam. Exact location could be retrieved from Fig1 and GoogleMap. Stream size also estimated from map,50,NA,Gorge Dam. Exact location could be retrieved from Fig1,1845.758781,446.4366308,0.029675081,1.42750001,21.5,76.50847458,77.16949153,6,NA,7121064110,0.39,21.58,18.37,0,59.36,0,0.29,195,272,49,1158,60,1.636999965,62,1961,100.7340012,49,2,44,40,44,41,Nelson (2023),2023,Nelson (2023),6.2,0.272,6.508740535573135,7121064110,NA,NA,NA,NA,NA,from posterior of brm_mean_sd_fi model,0.4662866747505318,0.02836959439791745,3127.3357101639717,0.03826085587068879,0.3254370267786567,-1.3120042044446905,-2.0421815437962474,1.5977706041834792,1.5754136859574388,-0.04673515329332088,-0.6253809089604975,-0.7229973794325696,-0.7367011293119677,-0.718666801352017,-0.7262829663230164,-0.6853253647657026
228,15381.37270502602,11214.971268679255,0.01538137270502602,0.011214971268679255,228,4.186995095648464,1.678272574868803,no,100000,70766.1929639077,26327.311036712345,DM,mg_m2_y,NA,NA,NA,NA,NA,NA,Nelson_Scott_1962_Oconee,NA,-83.40609900000001,33.927,"Middle Oconee River, Georgia, USA. Site re-used in Grubaugh and Wallace (1995), with somewhat different methods and decades later. Values here are from Nelson and Scott 1962, based on a recalculation done in the Grubaugh and Wallace text.",4.27,1030.82,Text in Grubaugh and Wallace (1995).,212.6244213,4953.042137,0.028378115,1.377589004,22.68749891,53.74193548,53.72043011,4,NA,7120684080,0.94,43.73,22.34,0,3.91,29.02,0.07,262,1248,23,1217,420,184.1289978,163,216,18.97100067,78,20,306,227,318,268,Nelson and Scott (1962),1962,Nelson and Scott (1962),16.3,1.248,17.35348534468586,7120684080,70766.1929639077,1.8477835454821037,4.4204065043186365,1.8186345292036015,0.4992823359962921,from posterior of brm_prop_insects_beta model,4.918363146954744,0.366816020094906,3127.3357101639717,0.42951021518461774,0.8676742672342931,0.18662414914227674,0.44628170177521675,-0.6834921966454036,0.6273788360581785,0.6905391590736655,0.20329437711106552,2.1807701994217243,1.5747348686915434,2.4023854130041657,2.19025537479465,1.2139010327378108
229,377.35482764592683,224.4462723857145,3.7735482764592683e-4,2.2444627238571451e-4,229,2.576749910459854,-0.8592997564624285,no,NA,1762,1.0252614725405205,DM,mg_m2_y,NA,NA,NA,NA,NA,NA,Neres-Lima2017,NA,-42.309999999999995,-22.14,Mean across streams,NA,NA,Mean,623.5820313,6837.970947,0.013369191,1.373332977,38.66666794,52.57291667,52.45833333,4,NA,6120741740,0.44,36.25,25.19,0,38.1,0,0.03,243,1429,128,21466,430,56.41699982,211,478,2.210000038,1,4,109,109,174,174,Neres-Lima (2017),2017,Neres-Lima (2017),21.1,1.429,21.83382795815388,6120741740,NA,NA,NA,NA,NA,from posterior of brm_mean_sd_fi model,0.12066335776472857,0.0073411234312828295,3127.3357101639717,NA,1.0916913979076939,0.46454600569887616,0.6674960889267335,-0.3409759480395771,-0.5837524010315447,-1.2670512565214362,-0.5333058771747683,-0.0025970259000157735,0.11618167209039731,0.7621243952403325,0.9825258414683918,1.9985377495195795
230,720.4076055019823,508.90368227025766,7.204076055019823e-4,5.089036822702577e-4,230,2.85757828911433,-0.41674459152166954,no,4560,3295.16881477302,1165.7703401154297,DM,mg_m2_y,2419.1,339.7,912.3,477.4,412.85,NA,Neves_1979_FactoryBrook,88,-73.03,42.339999999999996,"Factory Brook, Massachusetts, USA. Averaged separate values provided for each of two years (1974 and 1975).",4.75,22,Table 3,457.1910569,2057.294231,0.026168267,1.363332987,10,45.54032258,46.96774194,4,NA,7120485060,0.29,98.64,0.98,0,0.03,0.06,0,201,1218,65,166,808,14.85099983,71,388,6.416999817,100,1,102,89,113,97,Neves (1979),1979,Neves (1979),7.1,1.218,7.264954696531309,7120485060,3295.16881477302,-0.5567424497262987,3.066613001671311,-0.38080671270354,0.022108165085161228,from posterior of brm_prop_insects_beta model,0.23035825772098195,0.016645073702806053,3127.3357101639717,0.01958566581241857,0.36324773482656547,0.14055975302792323,0.4065378765594514,-0.4586342013774564,0.01400011279216094,1.2498507063865516,-0.6714184248533621,-0.0801786024342908,-0.13103073411318678,0.06729160299315316,-0.006784520937160305,-0.5528905383186208
231,2573.668325869249,1530.8490913341684,0.002573668325869249,0.0015308490913341685,231,3.410552577717544,0.4546831063246851,no,12017,12017,1.1906428164293112,DM,mg_m2_y,475,423,1071,9622,426,NA,Paqualini_et_al_2023,NA,10.730832999999999,51.805833,2nd order streams. Data taken from combined benthos and freeze-core sampling (complete data as for authors),NA,NA,Data taken from combined benthos and freeze-core,470.3788527,529.9028409,0.030109952,1.347273004,18.20659704,52.44444444,52.62222222,9,NA,2121114730,10.27,77.89,4.33,0,0.31,6.95,0.24,164,740,45,413,269,118.4990005,77,327,1.309999943,33,54,175,175,180,180,Paqualini et al. (2023),2023,Paqualini et al. (2023),7.7,0.74,7.805131632248795,2121114730,NA,NA,NA,NA,NA,from posterior of brm_mean_sd_fi model,0.8229587624714289,0.0500705670657713,3127.3357101639717,0.051614242558735514,0.39025658161243976,-0.5933996250607758,-0.40740560309506973,-0.5383803508620191,-0.8725119786844714,-0.45350718770269266,1.7685699174684621,0.7288864099945773,0.9319826125622248,0.8304686043138255,1.0596149606168763,-0.45829003699791304
232,2355.866685229306,1401.289053066846,0.002355866685229306,0.001401289053066846,232,3.372150710772359,0.3941659155714332,no,128900,11000,1.1727564566410846,DM,mg_m2_y,1000,NA,1200,6700,115700,NA,Popperl_1996,NA,10.241999999999999,54.115,"Lake outflow stream, Germany. Average across 11 sites within  ~ 2km.",6,NA,Table 5,41.23560855,319.7080696,0.020167425,1.363874992,14.90625,57.8540146,57.32116788,9,NA,2121094990,69.4,9.46,7.55,0,2.9,6.38,4.31,165,766,4,84,477,301.7120056,80,33,2.447999954,6,55,266,266,230,230,Popperl (1996),1996,Popperl (1996),8,0.766,8.085724861806632,2121094990,NA,NA,NA,NA,NA,from posterior of brm_mean_sd_fi model,0.7533142916421287,0.04583295499686765,3127.3357101639717,0.5536386673729723,0.4042862430903316,-0.5534771484283362,-0.3510013847554471,-0.9227306450990915,-0.5268251632338686,-1.1399349957685074,1.814607433361327,1.7374469049401529,2.0567990607885327,1.4000036799262676,1.7020242868542477,-0.40915010075070796
233,4048.365,2707.616228618803,0.004048365,0,233,3.607279661524362,0.7647037226156066,yes,NA,NA,NA,DM,mg_m2_y,NA,NA,NA,NA,NA,4048.365,Raitif_et_al_2018,NA,-1.6285473540000002,48.1113031,"Sum cumulative emergence, Figure 1 Right",NA,NA,Coordinates Not given in article. The coordinates reflect the  Ille-et-Vilaine region in Brittany,46.53492647,362.2455002,0.037338589,1.37952401,20.95635114,61.28205128,61.11538462,6,NA,2120481490,29.41,3.08,20.99,0,3.09,43.43,0,181,709,14,785,479,124.2480011,113,40,11.63899994,1,73,296,192,307,218,Raitif et al. (2018),2018,Raitif et al. (2018),11.3,0.709,11.567140627662974,2120481490,NA,NA,NA,NA,NA,from posterior of brm_mean_sd_fi model,1.2945092485090886,0.08855992450913282,3127.3357101639717,NA,0.5783570313831488,-0.6409995010456078,-0.47730599919058386,-0.9135794476172565,0.3505503037325548,-1.2670512565214362,2.64328271943289,2.0699393758013316,1.1421131578352712,2.2770876963694286,1.5478460485572787,0.20054582474892055
236,86.54067367567842,51.46703693627551,8.654067367567843e-5,5.146703693627551e-5,236,1.937220271640276,-1.8671293289164712,no,NA,404.05555555555554,1.005633968559287,DM,mg_m2_y,NA,NA,NA,NA,NA,NA,Ramirez_Pringle_1998_Sabalo,NA,-84.01700000000001,10.433,Total AISP combining both methods above.,NA,NA,AISP combining both,76.03872283,8646.681189,0.020417431,1.269704819,36.734375,51.61111111,51.68888889,6,NA,7121221100,27.03,54.55,16.15,0,0.79,1.49,0,271,3898,92,1845,2353,50.40200043,258,107,162.1360016,71,4,113,95,136,113,Ramirez and Pringle (1998),1998,Ramirez and Pringle (1998),25.8,3.898,24.501844019643332,7121221100,NA,NA,NA,NA,NA,from posterior of brm_mean_sd_fi model,0.027672332520751648,0.001683368882786751,3127.3357101639717,NA,1.2250922009821665,4.255645805910169,2.3065851319079345,-0.8259894145768353,1.8459134609029773,0.5125763940195653,-0.5333058771747683,0.04173530354814139,-0.05686701225211154,0.3292777377748765,0.19878646345879858,2.465784016917798
237,739.7678575309744,534.5526615196862,7.397678575309744e-4,5.345526615196862e-4,237,2.86909545755495,-0.39859477915829605,no,5100.9332211111105,3489.389986942292,1338.5246796834958,DM,mg_m2_y,NA,NA,NA,NA,NA,NA,Reinert_2021_Beav,NA,-112.10218599999999,44.691882,actual beaver,NA,NA,NA,2110.688004,373.3769222,0.027035967,1.239642876,22.85714286,68.96062992,70.73228346,5,NA,7121020480,0,0.06,0.13,0,99.81,0,0,143,428,67,884,172,0.01,16,2239,8.505000114,57,4,15,11,15,10,Reinert (2021),2021,Reinert (2021),1.6,0.428,3.643093505175818,7121020480,3489.389986942292,-0.5118420613686557,3.1266263831072214,-0.28330594472206444,0.025384351935111998,from posterior of brm_prop_insects_beta model,0.23654891130705857,0.017483993060009206,3127.3357101639717,0.021909029254417983,0.1821546752587909,-1.0724693446500522,-1.3017310590210784,1.9612038756049286,0.17308483676320557,0.156650863911365,-0.5333058771747683,-1.044406767931709,-1.0951591183071647,-1.0489971452072333,-1.1245767485901867,-1.1871824929744597
238,495.0563511260144,375.5225273276134,4.950563511260145e-4,3.7552252732761337e-4,238,2.694654636489473,-0.6734946546940879,no,3384.095273333334,2311.234862813749,889.1233318158863,DM,mg_m2_y,NA,NA,NA,NA,NA,NA,Reinert_2021_Mim,NA,-112.108194,44.65696,beaver mimic,NA,NA,NA,2037.311012,358.5370439,0.028371686,1.245000005,22,71.01587302,72.8015873,5,NA,7121020480,0.15,0,0,0,99.85,0,0,143,428,67,884,172,0.01,16,2239,8.505000114,57,4,15,11,15,10,Reinert (2021),2021,Reinert (2021),1.6,0.428,3.643093505175818,7121020480,2311.234862813749,-0.8348146593683928,2.9489620068780313,-0.5719484559559097,0.01686171343054401,from posterior of brm_prop_insects_beta model,0.15829971483939528,0.012282481660473995,3127.3357101639717,0.014535034890546479,0.1821546752587909,-1.0724693446500522,-1.3017310590210784,1.9612038756049286,0.17308483676320557,0.156650863911365,-0.5333058771747683,-1.044406767931709,-1.0951591183071647,-1.0489971452072333,-1.1245767485901867,-1.1871824929744597
239,246.62051998372803,183.00417103414313,2.46620519983728e-4,1.8300417103414313e-4,239,2.392029209100521,-1.150399612003148,no,1654.1607511111113,1128.1850925735728,434.31697432489136,DM,mg_m2_y,NA,NA,NA,NA,NA,NA,Reinert_2021_Ref,NA,-112.10184199999999,44.693957000000005,reference,NA,NA,NA,2120.014764,372.7475364,0.026986208,1.239642876,22.85714286,68.83739837,70.60162602,5,NA,7121020480,0,0.15,0.2,0,99.65,0,0,143,428,67,884,172,0.01,16,2239,8.505000114,57,4,15,11,15,10,Reinert (2021),2021,Reinert (2021),1.6,0.428,3.643093505175818,7121020480,1128.1850925735728,-1.397090759167188,2.637806803139747,-1.0774669020097059,0.008236572022163203,from posterior of brm_prop_insects_beta model,0.0788596245622755,0.005985647227379601,3127.3357101639717,0.007104789401596823,0.1821546752587909,-1.0724693446500522,-1.3017310590210784,1.9612038756049286,0.17308483676320557,0.156650863911365,-0.5333058771747683,-1.044406767931709,-1.0951591183071647,-1.0489971452072333,-1.1245767485901867,-1.1871824929744597
240,5440,3641.045025345573,0.00544,0,240,3.73559889969818,0.9669209696302234,yes,NA,NA,NA,DM,mg_m2_y,NA,NA,NA,NA,NA,5440,Ringe_1974_Breitenbach,NA,7.594246838999999,49.5458468,Emergence from Table 5 in Fisher and Jackson 1986. Coordinates from google maps,NA,NA,Jackson 1986,342.254946,254.5035373,0.033438828,1.251645833,30.89166689,62.91791045,62.92537313,4,NA,2120438400,38.98,32.21,21.1,0,2.5,5.21,0,168,689,63,290,256,184.2839966,84,316,6.511000156,13,40,203,241,165,206,Ringe (1974),1974,Ringe (1974),8.4,0.689,8.4704037332856,2120438400,NA,NA,NA,NA,NA,from posterior of brm_mean_sd_fi model,1.7394998504061374,0.11909024224730867,3127.3357101639717,NA,0.42352018666428004,-0.6717090984551768,-0.5240442560274352,-0.5527608040477598,0.022204843715904816,-0.9619722307144074,1.1240446949683576,1.0392127161316775,1.7477835530340524,0.659608081630093,1.3936678102603095,-0.3417817781083154
241,3170,2118.627072483444,0.00317,0,241,3.5010592622177517,0.5973118565925214,yes,NA,NA,NA,DM,mg_m2_y,NA,NA,NA,NA,NA,3170,Ringe_1974_Rohrwiesenbach,NA,9.397019229000001,49.90967247,Emergence from Table 5 in Fisher and Jackson 1986. Coordinates from google maps,NA,NA,Jackson 1986,437.0445144,488.7384282,0.032090996,1.223333001,17,52.2173913,52.27536232,6,NA,2120433550,1.15,93.34,3.67,0,0.58,1.27,0,179,728,84,277,267,124.5130005,89,344,1.320000052,72,8,161,161,132,132,Ringe (1974),1974,Ringe (1974),8.9,0.728,8.96757207148024,2120433550,NA,NA,NA,NA,NA,from posterior of brm_mean_sd_fi model,1.0136423760638704,0.06929543840777226,3127.3357101639717,NA,0.44837860357401194,-0.6118253835065173,-0.4341101319088074,-0.5161560141204197,-0.8683466510717123,0.5379996461701511,-0.34915581360330983,0.5737232569260273,0.758933928219716,0.28371493172588114,0.44290200742899977,-0.25471331789809626
242,9723.313385621774,5783.55017704081,0.009723313385621775,0.00578355017704081,242,3.9878142834329298,1.3643851478736284,no,NA,45400,1.9520214004858336,DM,mg_m2_y,6671,1950,6010,NA,5440,NA,Robinson_Minshall_1998_BirchCreek,89,-112.88,44.11,Lists width as 8-12 m. otherSp is only Coleoptera. Only insects were considered in this study.,10,NA,Table 3,1886.758366,363.2710353,0.030655802,1.44333303,21.33333206,77.0390625,78.5859375,5,NA,7120442800,1.13,1.38,2.6,0,94.89,0,0,179,269,70,1799,102,0,41,1845,0.36500001,9,2,37,37,37,37,Robinson and Minshall (1998),1998,Robinson and Minshall (1998),4.1,0.269,4.999851626302771,7120442800,NA,NA,NA,NA,NA,from posterior of brm_mean_sd_fi model,3.109136430099461,0.18916667792864883,3127.3357101639717,NA,0.24999258131513855,-1.3166106440561258,-2.0602969675183154,1.4461221887702125,-1.5473689412224443,-1.0636652393167503,-0.6253809089604975,-0.8005789559668447,-0.7737829902425054,-0.7984017119377589,-0.7776757124220061,-0.9495751648143421
243,15891.368046221452,9452.38179748352,0.015891368046221453,0.009452381797483521,243,4.201161286090355,1.7005969595254795,no,NA,74200,2.997893591602784,DM,mg_m2_y,8770,2250,3730,NA,270,NA,Robinson_Minshall_1998_LittleLostRiver,90,-113.21000000000001,44,Lists width as 5-10 m. otherSp is only Coleoptera. Only insects were considered in this study.,7.5,NA,Table 3,1696.677083,375.7128353,0.031769475,1.44333303,21.33333206,78.53543307,80.35433071,5,NA,7120441820,8.71,0,0,0,91.29,0,0,172,288,124,3488,128,0.026000001,38,1913,6.578000069,35,4,10,13,15,14,Robinson and Minshall (1998),1998,Robinson and Minshall (1998),3.8,0.288,4.812889353045257,7120441820,NA,NA,NA,NA,NA,from posterior of brm_mean_sd_fi model,5.081439768226303,0.3091657560509085,3127.3357101639717,NA,0.24064446765226286,-1.287436526517035,-1.9488195262272687,1.5350195357366103,0.027981429596003467,-0.40266068340152117,-0.5333058771747683,-1.0998221797419054,-1.0704378776868062,-1.0489971452072333,-1.073184002491197,-0.9823176304931621
244,126.67827628426302,75.34959177524442,1.2667827628426301e-4,7.534959177524442e-5,244,2.102702145279871,-1.6063477859892048,no,NA,591.5,1.008257795337467,DM,mg_m2_y,387.19,NA,121.75,82.56,NA,NA,Rosas_2020_Gatos,NA,-65.75,18.316667000000002,"1st order tropical streams, NOTE, the taxa included are 70% of overall biomass!",NA,NA,"NOTE, the taxa included are 70",364.1447011,10176.75309,0.021155649,1.322416592,38.62708359,50.35294118,50.37647059,11,NA,7120073120,0,80.7,17.72,0,0.6,0.99,0,256,2295,68,4581,803,448.6730042,241,222,3.811000109,55,6,304,304,298,298,Rosas (2020),2020,Rosas (2020),24.1,2.295,23.719522307075156,7120073120,NA,NA,NA,NA,NA,from posterior of brm_mean_sd_fi model,0.0405067725452542,0.002464512543867267,3127.3357101639717,NA,1.1859761153537578,1.7942715735332138,1.4413278762774535,-0.675648313089545,-0.2792544179077876,0.10580435961019352,-0.441230845389039,2.158604034697646,2.526502632575342,2.174571382759189,2.575700970537073,2.328777008085176
245,113.19527390861262,67.33964742521563,1.1319527390861262e-4,6.733964742521564e-5,245,2.053828294712165,-1.683367690825437,no,NA,528.54,1.0073906978605147,DM,mg_m2_y,275.67,NA,191.98,60.89,NA,NA,Rosas_2020_Prieta,NA,-65.75,18.316667000000002,NA,NA,NA,NA,364.1447011,10176.75309,0.021155649,1.322416592,38.62708359,50.35294118,50.37647059,11,NA,7120073120,0,80.7,17.72,0,0.6,0.99,0,256,2295,68,4581,803,448.6730042,241,222,3.811000109,55,6,304,304,298,298,Rosas (2020),2020,Rosas (2020),24.1,2.295,23.719522307075156,7120073120,NA,NA,NA,NA,NA,from posterior of brm_mean_sd_fi model,0.036195434196822314,0.002202525612535141,3127.3357101639717,NA,1.1859761153537578,1.7942715735332138,1.4413278762774535,-0.675648313089545,-0.2792544179077876,0.10580435961019352,-0.441230845389039,2.158604034697646,2.526502632575342,2.174571382759189,2.575700970537073,2.328777008085176
246,7810,5234.977237285981,0.00781,0,246,3.8926510338773004,1.214418154490786,yes,NA,NA,NA,DM,mg_m2_y,NA,NA,NA,NA,NA,7810,Rundio_Lindley_2020_BigCreek,NA,-121.59,36.075050000000005,California Mediterranean streams.,NA,NA,NA,363.8141447,1511.253622,0.022143699,1.389999986,31.25,61.23611111,61.30555556,8,NA,7120013090,0,39.36,18.77,0,8.98,0.01,32.88,168,554,149,2003,256,5.919000149,122,543,4.53399992,100,4,33,71,34,72,Rundio and Lindley (2012),2012,Rundio and Lindley (2012),12.2,0.554,12.607320427308656,7120013090,NA,NA,NA,NA,NA,from posterior of brm_mean_sd_fi model,2.4973334249396935,0.1712241136837806,3127.3357101639717,NA,0.6303660213654327,-0.8789988809697675,-0.8802485053033309,-0.2560005428511087,-0.1816637906413358,1.2498507063865516,-0.5333058771747683,-0.8449112854150018,-0.35352189969641246,-0.8325738164745053,-0.32798918405584604,0.3827111931748305
247,5340,3574.0913171788043,0.00534,0,247,3.727541257028556,0.9542229958792284,yes,NA,NA,NA,DM,mg_m2_y,NA,NA,NA,NA,NA,5340,Rundio_Lindley_2020_DevilsCreek,NA,-121.59,36.075050000000005,California Mediterranean streams.,NA,NA,NA,363.8141447,1511.253622,0.022143699,1.389999986,31.25,61.23611111,61.30555556,8,NA,7120013090,0,39.36,18.77,0,8.98,0.01,32.88,168,554,149,2003,256,5.919000149,122,543,4.53399992,100,4,33,71,34,72,Rundio and Lindley (2012),2012,Rundio and Lindley (2012),12.2,0.554,12.607320427308656,7120013090,NA,NA,NA,NA,NA,from posterior of brm_mean_sd_fi model,1.707523750214848,0.11690033982384734,3127.3357101639717,NA,0.6303660213654327,-0.8789988809697675,-0.8802485053033309,-0.2560005428511087,-0.1816637906413358,1.2498507063865516,-0.5333058771747683,-0.8449112854150018,-0.35352189969641246,-0.8325738164745053,-0.32798918405584604,0.3827111931748305
248,1297.3244760658024,1015.967006660107,0.0012973244760658023,0.001015967006660107,248,3.1130486118132823,-0.014150981355904993,no,9366.666666666668,6038.372946318628,2639.6342435533334,DM,mg_m2_y,NA,NA,NA,NA,NA,NA,Sanjaya_etal_2015_S1,NA,80.49622200000002,6.304443999999999,"Wathurawa agricultural stream site S1, Sri Lanka. Upstream site only.",NA,NA,Text page 221,360.2836538,8300.794494,0.016704021,1.329437423,22.887500760000002,51.84615385,52.13186813,4,NA,4121159870,0.36,96.43,2.9,0,0,0.31,0,264,3093,109,2051,1316,398.1170044,255,273,5.853000164,58,48,190,190,135,135,Sanjaya et al. (2015),2015,Sanjaya et al. (2015),25.5,3.093,24.37711103189627,4121159870,6038.372946318628,-0.08188015501609774,3.4215437537595608,0.19583169827824298,0.050059147683533846,from posterior of brm_prop_insects_beta model,0.4148337742729198,0.033229953515046644,3127.3357101639717,0.04023079015562587,1.2188555515948134,3.019584510175017,1.9287457692901102,-0.6089753028647467,-0.03788174101669919,0.18207411606195073,1.4923448221112745,0.8951326454251667,1.117391917214913,0.3178870362626277,0.48144656700324207,2.44393968704757
249,616.1214191197632,486.22457378732105,6.161214191197632e-4,4.8622457378732104e-4,249,2.789666307062888,-0.5237665334003015,no,4388.888888888889,2828.5491624578326,1246.949457783435,DM,mg_m2_y,NA,NA,NA,NA,NA,NA,Sanjaya_etal_2015_S4,NA,80.49755600000002,6.302606,"Wathurawa agricultural stream site S4, Sri Lanka. Upstream site only.",NA,NA,Text page 221,356.4501404,8316.187312,0.016470607,1.329437423,22.887500760000002,51.85393258,52.14606742,4,NA,4121159870,0.34,96.16,3.13,0,0,0.36,0,264,3093,109,2051,1316,398.1170044,255,273,5.853000164,58,48,190,190,135,135,Sanjaya et al. (2015),2015,Sanjaya et al. (2015),25.5,3.093,24.37711103189627,4121159870,2828.5491624578326,-0.6764570080509563,3.09584885071142,-0.33330867700219796,0.02364768043661054,from posterior of brm_prop_insects_beta model,0.1970116022777289,0.01590329201530012,3127.3357101639717,0.018850726110880445,1.2188555515948134,3.019584510175017,1.9287457692901102,-0.6089753028647467,-0.03788174101669919,0.18207411606195073,1.4923448221112745,0.8951326454251667,1.117391917214913,0.3178870362626277,0.48144656700324207,2.44393968704757
250,4248.104697152852,3221.3930766526496,0.004248104697152853,0.0032213930766526494,250,3.62819521165991,0.7976643684891235,no,28902.222222222223,19816.50297811353,7753.9773592233605,DM,mg_m2_y,NA,NA,NA,NA,NA,NA,Shieh_EtAl_2002_CacheLaPoudreRiver_Site1,91,-105.08,40.59,"Cache la Poudre River, Colorado.",NA,NA,Table 4,1530.232955,576.8067647,0.02764968,1.304687291,20.59375,73.54166667,74.75,5,NA,7120526350,8.07,0,5.94,0,30.44,51.24,4.31,217,370,89,875,57,40.99900055,90,1533,3.770999908,48,22,357,47,360,55,Shieh et al. (2002),2002,Shieh et al. (2002),9,0.37,9.069098899463524,7120526350,19816.50297811353,0.8498324552767257,3.8895245285800493,0.9561368811196927,0.14704972808566966,from posterior of brm_prop_insects_beta model,1.3583782141924625,0.10536438830111858,3127.3357101639717,0.12413799685980308,0.45345494497317623,-1.1615271771378024,-1.5395857127554249,1.038240243865564,-0.2851754433916839,-0.07215840544390663,0.29536940889679475,2.746007399885728,-0.6501767871407134,2.880794876518617,-0.5464083549765524,-0.23693305334096004
251,10063.373642403232,7608.481726416967,0.010063373642403232,0.007608481726416968,251,4.002743597883253,1.3879121334677174,no,68547.77777777778,46576.10128926688,17948.1454701843,DM,mg_m2_y,NA,NA,NA,NA,NA,NA,Shieh_EtAl_2002_CacheLaPoudreRiver_Site2,92,-105.05,40.58,"Cache la Poudre River, Colorado.",NA,NA,Table 4,1517.903602,585.0552373,0.026780459,1.303333044,21,73.92957746,75.09859155,5,NA,7120528280,13.79,0,4.75,0,31.21,47.18,3.06,220,361,76,795,45,39.7519989,92,1514,5.379000187,10,55,245,58,271,69,Shieh et al. (2002),2002,Shieh et al. (2002),9.2,0.361,9.274171057620928,7120528280,46576.10128926688,1.5198333324581317,4.254019580843336,1.5483139368163596,0.3403762725581384,from posterior of brm_prop_insects_beta model,3.2178744385186557,0.24885600854310228,3127.3357101639717,0.2944197078376069,0.4637085528810464,-1.1753464959721083,-1.5798080342775078,1.0134012792720117,-0.08547334610666507,-1.0382419871661646,1.814607433361327,1.5047021753373278,-0.5142099637287421,1.8670224419284702,-0.36653374363008834,-0.20101902649928824
252,8365.515219836456,6513.310821956473,0.008365515219836457,0.006513310821956473,252,3.9224926936835134,1.2614453842206335,no,56598.88888888889,38492.533466831344,14823.387291504443,DM,mg_m2_y,NA,NA,NA,NA,NA,NA,Shieh_EtAl_2002_CacheLaPoudreRiver_Site3,93,-105.03,40.57,"Cache la Poudre River, Colorado.",NA,NA,Table 4,1509.105932,589.9566395,0.026114788,1.303333044,21,74.54878049,75.6097561,5,NA,7120528280,17.69,0,3.17,0,38.26,38.39,2.48,220,361,76,795,45,39.7519989,92,1514,5.379000187,10,55,245,58,271,69,Shieh et al. (2002),2002,Shieh et al. (2002),9.2,0.361,9.274171057620928,7120528280,38492.533466831344,1.370381105242417,4.170947455594574,1.4133507700056818,0.281117028015494,from posterior of brm_prop_insects_beta model,2.6749655282124594,0.21303547696315409,3127.3357101639717,0.24309800945876936,0.4637085528810464,-1.1753464959721083,-1.5798080342775078,1.0134012792720117,-0.08547334610666507,-1.0382419871661646,1.814607433361327,1.5047021753373278,-0.5142099637287421,1.8670224419284702,-0.36653374363008834,-0.20101902649928824
253,7623.047783163152,5971.90590411307,0.007623047783163152,0.005971905904113071,253,3.8821286420446017,1.197836002518101,no,53777.77777777778,35579.7365483006,14634.13682489262,DM,mg_m2_y,NA,NA,NA,NA,NA,NA,Shieh_EtAl_2003_CacheLaPoudreRiver_Site4,97,-105,40.54,"Cache la Poudre River, Colorado. Total production values here are fine. Specific taxon production is available in Table 3 but only for """"first three dominant taxa"""", and listed only by percentage of total production and thus can't be used. Data also available for Sites 1-3, but these correspond well with data from Shieh et al. 2002 also in this dataset, so not duplicated here.",NA,NA,Fig 1,1494.995233,598.7564542,0.026282621,1.303333044,21,75.66666667,76.62222222,5,NA,7120528360,16.5,0,1.54,0,53.86,22.28,5.81,218,370,16,377,50,421.5740051,91,1535,0.204999998,13,20,307,307,330,330,Shieh et al. (2002),2002,Shieh et al. (2002),9.1,0.37,9.171301876125032,7120528360,35579.7365483006,1.3086882287213921,4.165367111242547,1.404284660966239,0.27752800158865615,from posterior of brm_prop_insects_beta model,2.4375533967741068,0.19532736229524067,3127.3357101639717,0.23098104905483888,0.4585650938062516,-1.1615271771378024,-1.5395857127554249,1.0408548717175168,-1.8242654522813015,-0.9619722307144074,0.20329437711106552,2.191853281783764,2.56358449350588,2.539073831151152,2.986842939328991,-0.2190343757237731
254,8118.437471770495,6281.243371783108,0.008118437471770495,0.006281243371783108,254,3.909472450092484,1.2409268879147932,no,58000,38403.40289509309,15825.856879032617,DM,mg_m2_y,NA,NA,NA,NA,NA,NA,Shieh_EtAl_2003_CacheLaPoudreRiver_Site5,98,-104.99000000000001,40.53,"Cache la Poudre River, Colorado. Total production values here are fine. Specific taxon production is available in Table 3 but only for """"first three dominant taxa"""", and listed only by percentage of total production and thus can't be used. Data also available for Sites 1-3, but these correspond well with data from Shieh et al. 2002 also in this dataset, so not duplicated here.",NA,NA,Fig 1,1490.601366,600.4470696,0.026264751,1.303333044,21,76.14583333,77.09375,5,NA,7120528360,18.82,0,1.16,0,57.5,15.85,6.66,218,370,16,377,50,421.5740051,91,1535,0.204999998,13,20,307,307,330,330,Shieh et al. (2002),2002,Shieh et al. (2002),9.1,0.37,9.171301876125032,7120528360,38403.40289509309,1.368563582066924,4.199367233871748,1.4595229759635637,0.30012828809930425,from posterior of brm_prop_insects_beta model,2.5959596999405066,0.20544508226424804,3127.3357101639717,0.24911592480707828,0.4585650938062516,-1.1615271771378024,-1.5395857127554249,1.0408548717175168,-1.8242654522813015,-0.9619722307144074,0.20329437711106552,2.191853281783764,2.56358449350588,2.539073831151152,2.986842939328991,-0.2190343757237731
255,5147.050656028884,4011.62829758154,0.005147050656028884,0.00401162829758154,255,3.7115584424925556,0.9290358080419904,no,35555.555555555555,23643.9391071044,9500.266514207085,DM,mg_m2_y,NA,NA,NA,NA,NA,NA,Shieh_EtAl_2003_CacheLaPoudreRiver_Site6,99,-104.98,40.51,"Cache la Poudre River, Colorado. Total production values here are fine. Specific taxon production is available in Table 3 but only for """"first three dominant taxa"""", and listed only by percentage of total production and thus can't be used. Data also available for Sites 1-3, but these correspond well with data from Shieh et al. 2002 also in this dataset, so not duplicated here.",NA,NA,Fig 1,1487.72469,602.0910537,0.026646584,1.303333044,21,76.41584158,77.41584158,5,NA,7120529270,22.99,0,1.1,0,55.5,12.77,7.64,223,355,73,779,36,54.30500031,94,1490,5.419000149,14,47,241,69,317,81,Shieh et al. (2002),2002,Shieh et al. (2002),9.4,0.355,9.481866525117894,7120529270,23643.9391071044,0.9882836901706932,3.9777357888705263,1.0994493460592023,0.1801670991460658,from posterior of brm_prop_insects_beta model,1.6458260746682085,0.13121117218807288,3127.3357101639717,0.15271474317675296,0.47409332625589473,-1.184559375194979,-1.607183937039806,0.9820257450485772,-0.08129965938734354,-0.9365489785638217,1.44630730621841,1.4603698458891707,-0.37824314031677087,2.390994711491917,-0.2123555053331192,-0.16464558282170066
256,216.6003139336923,159.39701502128133,2.1660031393369228e-4,1.5939701502128134e-4,256,2.33565908174254,-1.2392328386527127,no,1477,1024.864373309541,385.3815322222826,DM,mg_m2_y,NA,NA,NA,NA,NA,NA,Silina_etal_2023,NA,44.419670999999994,52.8254,Wet mass. River - beaver pond,NA,NA,NA,189.0127467,218.895077,0.029568579,1.230000019,44,63.27027027,63.72297297,12,NA,2120359930,71.59,10.18,11.59,0,6.63,0,0,200,520,10,328,113,16.80999947,48,184,4.008999825,0,75,155,139,158,141,Silina et al. (2023),2023,Silina et al. (2023),4.8,0.52,5.463434567599657,2120359930,1024.864373309541,-1.4723957186111183,2.585890899094406,-1.161812099593331,0.007308539462668936,from posterior of brm_prop_insects_beta model,0.06926033339808459,0.00521351123104572,3127.3357101639717,0.006343865878276804,0.2731717283799829,-0.9312051965660348,-0.9837007303264904,-0.7253262422766495,-0.2508206098749148,-1.292474508672022,2.735357751218619,0.5072247627537916,0.48700028139577345,0.5798731710443511,0.5585356861517267,-0.8683884725462552
257,2215,1476.8025219184065,0.002215,0,257,3.3453737305590883,0.3519682895634155,yes,NA,NA,NA,DM,mg_m2_y,NA,NA,NA,NA,NA,2215,Silina_etal_2023,NA,44.419670999999994,52.8254,NA,NA,NA,NA,189.0127467,218.895077,0.029568579,1.230000019,44,63.27027027,63.72297297,12,NA,2120359930,71.59,10.18,11.59,0,6.63,0,0,200,520,10,328,113,16.80999947,48,184,4.008999825,0,75,155,139,158,141,Silina et al. (2023),2023,Silina et al. (2023),4.8,0.52,5.463434567599657,2120359930,NA,NA,NA,NA,NA,from posterior of brm_mean_sd_fi model,0.7082706192370577,0.04830282758450845,3127.3357101639717,NA,0.2731717283799829,-0.9312051965660348,-0.9837007303264904,-0.7253262422766495,-0.2508206098749148,-1.292474508672022,2.735357751218619,0.5072247627537916,0.48700028139577345,0.5798731710443511,0.5585356861517267,-0.8683884725462552
258,8643.453811921214,5141.2176164114935,0.008643453811921215,0.005141217616411494,258,3.9366873155963042,1.283814573801776,no,47862.2,40358.1,1.8109818320425202,DM,mg_m2_y,11615.2,2643.6,2807.5,11880.3,11411.5,NA,Singer2007_Kleine_Erlauf_ref,NA,16.016667,48.983333,reference reach,5.9,NA,NA,353.3005515,471.4595054,0.032790253,1.33322223,20.68888876,62.84090909,63.90909091,4,NA,2120457590,63.18,25.1,8.65,0,0.02,3.05,0,184,592,23,999,118,56.42200089,87,293,1.687000036,4,85,174,179,154,151,Singer (2007),2007,Singer (2007),8.7,0.592,8.766584892194361,2120457590,NA,NA,NA,NA,NA,from posterior of brm_mean_sd_fi model,2.7638394508877404,0.16815745125987971,3127.3357101639717,0.2055730382120921,0.43832924460971806,-0.8206506458915864,-0.7718861888673921,-0.582829024345218,-0.733400018325037,-1.190781500069679,3.195732910147265,0.7178033276325381,0.9814250938029416,0.5343103649953557,0.687017551399201,-0.289911947573435
259,13721.476175526013,8161.614884271746,0.013721476175526012,0.008161614884271745,259,4.1374008358896175,1.6001173830293929,no,85601.7,64068.6,2.5818799850264806,DM,mg_m2_y,19881,5307.1,4171.9,26612.5,8096.1,NA,Singer2007_Kleine_Erlauf_sub,NA,15.016667,47.983333,subsidised reach,6.4,NA,NA,555.5643382,776.2014815,0.028801608,1.359953668,26.1504631,55.74418605,56.37984496,12,NA,2120478240,24.14,57.78,8.49,0,6.99,2.59,0,174,866,114,639,677,58.80500031,75,510,3.747999907,91,21,133,133,116,116,Singer (2007),2007,Singer (2007),7.5,0.866,7.621927937729622,2120478240,NA,NA,NA,NA,NA,from posterior of brm_mean_sd_fi model,4.387592969610088,0.26694772707594094,3127.3357101639717,0.3676680458716909,0.3810963968864811,-0.39992916138049117,-0.15057988093757688,-0.2991419024083311,-0.2886081473158101,1.02104143703128,0.24933189300393013,0.26339695078892716,0.4128365595346982,0.10146370752989968,0.23733102303304088,-0.4903742675515548
260,290.94977832204563,205.96489095278295,2.909497783220456e-4,2.0596489095278295e-4,260,2.463818030635637,-1.0372681902159444,no,1962,1364.6992398384045,515.7041120235589,DM,mg_m2_y,NA,NA,NA,NA,NA,NA,Smock_EtAl_1985_CedarCreek_Downstream,154,-80.823,33.940999999999995,"Blackwater stream, South Carolina. Total production values here are fine. Specific taxon production is available in Table 2 but only for """"major taxa"""" only, which are ~half or less of total production and thus can't be used.",NA,NA,Table 5,84.82224771,5299.097607,0.01904764,1.44333303,18,52.35135135,52.4954955,5,NA,7120686620,2.34,51.53,25.76,0,18.2,1.82,0.35,270,1165,10,837,442,29.26600075,173,64,2.877000093,37,9,201,201,158,158,Smock et al. (1985),1985,Smock et al. (1985),17.3,1.165,18.42230384717532,7120686620,1364.6992398384045,-1.2478732959332048,2.712400594315424,-0.9562780645827519,0.009780032354043604,from posterior of brm_prop_insects_beta model,0.09303439262259139,0.006736639779860849,3127.3357101639717,0.0084269904219222,0.921115192358766,0.05917931989256538,0.3338698264600571,-0.882203913393822,-0.4367156683614591,-0.35181417910034973,-0.3031182977104452,1.0170465514075988,1.253358740626884,0.5798731710443511,0.776954857072433,1.4010818608530495
261,464.30841183889066,341.9757930830868,4.6430841183889065e-4,3.419757930830868e-4,261,2.666806551816336,-0.7173802255358008,no,3093,2150.432551734282,814.9883707179922,DM,mg_m2_y,NA,NA,NA,NA,NA,NA,Smock_EtAl_1985_CedarCreek_Swamp,153,-80.829,33.973,"Blackwater stream, South Carolina. Total production values here are fine. Specific taxon production is available in Table 2 but only for """"major taxa"""" only, which are ~half or less of total production and thus can't be used.",NA,NA,Table 5,101.9988739,5286.767815,0.018551318,1.44333303,18,51.97087379,52.02912621,5,NA,7120686620,0.27,51.97,32.88,0,10.29,3.81,0.77,270,1165,10,837,442,29.26600075,173,64,2.877000093,37,9,201,201,158,158,Smock et al. (1985),1985,Smock et al. (1985),17.3,1.165,18.42230384717532,7120686620,2150.432551734282,-0.8913525628377306,2.911151411722752,-0.6333774569098608,0.015455786463512098,from posterior of brm_prop_insects_beta model,0.14846772296618777,0.011185244828746659,3127.3357101639717,0.013284750955660226,0.921115192358766,0.05917931989256538,0.3338698264600571,-0.882203913393822,-0.4367156683614591,-0.35181417910034973,-0.3031182977104452,1.0170465514075988,1.253358740626884,0.5798731710443511,0.776954857072433,1.4010818608530495
262,615.9869338580147,461.29292961888956,6.159869338580147e-4,4.6129292961888954e-4,262,2.7895715001294463,-0.5239159388780095,no,4106,2847.1680892805034,1090.0817196569385,DM,mg_m2_y,NA,NA,NA,NA,NA,NA,Smock_EtAl_1985_CedarCreek_Upstream,152,-80.833,34.016,"Blackwater stream, South Carolina. Total production values here are fine. Specific taxon production is available in Table 2 but only for """"major taxa"""" only, which are ~half or less of total production and thus can't be used.",NA,NA,Table,118.978211,5263.292401,0.018303687,1.44333303,18,52.31132075,52.35849057,5,NA,7120682600,0.07,50.48,36.61,0,11.7,0.69,0.44,267,1165,20,567,413,15.0880003,170,89,2.450000048,77,3,114,114,118,118,Smock et al. (1985),1985,Smock et al. (1985),17,1.165,18.107901159749815,7120682600,2847.1680892805034,-0.6713131152286601,3.037459056716534,-0.42817168289466356,0.02067277386050651,from posterior of brm_prop_insects_beta model,0.19696859913568968,0.015087835045398902,3127.3357101639717,0.017635689435480405,0.9053950579874908,0.05917931989256538,0.3338698264600571,-0.8495210652444111,-0.5263701130296382,0.6651159069230798,-0.5793433930676328,0.052818385910180676,0.17798477364129334,0.12424511055439737,0.2630273960825357,1.346020917150362
263,836.7207636115558,592.8086210513957,8.367207636115557e-4,5.928086210513956e-4,263,2.922580546337254,-0.3143080614079979,no,5600,3903.331868117119,1439.168769979357,DM,mg_m2_y,NA,NA,NA,NA,NA,NA,Smock_EtAl_1992_BuzzardsBranch,100,-77.09,37.14,"Coastal plain stream, Virginia. Total production values here are fine. Specific taxon production is available in Table 1 but broken up by small habitat sub portions in a way that can't be used here. Only used data from in channel, on surface (not floodplain nor hyporheic).",2.5,NA,Fig 4,36.78871681,4356.522748,0.021845021,1.394749965,23.00982148,49.64912281,49.86842105,5,NA,7120041930,9.52,77.09,8.98,0,4.03,0.23,0.15,254,1129,11,703,425,37.59500122,144,27,5.711999893,95,18,102,82,108,85,Smock et al. (1992),1992,Smock et al. (1992),14.4,1.129,15.192679572691343,7120041930,3903.331868117119,-0.4239507484303015,3.1581117262318856,-0.23215326741303158,0.027293009315163763,from posterior of brm_prop_insects_beta model,0.26755066969375185,0.01938941204952643,3127.3357101639717,0.024052572050338592,0.7596339786345672,0.0039020445553411796,0.282599651643666,-0.9305745286549502,-0.05162727101431079,1.122734445633623,0.11121934532533631,-0.0801786024342908,-0.2175550762844412,0.010338095431908946,-0.16096275923412948,0.8354818597387822
264,925.430375120054,692.985506049625,9.25430375120054e-4,6.92985506049625e-4,264,2.966343750113662,-0.2453419834126051,no,6200,4325.664747915496,1587.4889980312898,DM,mg_m2_y,NA,NA,NA,NA,NA,NA,Smock_EtAl_1992_ColliersCreek,101,-77.03,37.11,"Coastal plain stream, Virginia. Total production values here are fine. Specific taxon production is available in Table 1 but broken up by small habitat sub portions in a way that can't be used here. Only used data from in channel, on surface (not floodplain nor hyporheic).",3,NA,Fig 5,35.9298913,4323.121222,0.022149856,1.401249971,23.21875,49.54464286,49.66964286,5,NA,7120041930,15.91,69.01,10.53,0,4.26,0.29,0,254,1129,11,703,425,37.59500122,144,27,5.711999893,95,18,102,82,108,85,Smock et al. (1992),1992,Smock et al. (1992),14.4,1.129,15.192679572691343,7120041930,4325.664747915496,-0.34340433314601937,3.200710724130402,-0.16294478572162538,0.030105817270902467,from posterior of brm_prop_insects_beta model,0.2959165439490128,0.02266596848290578,3127.3357101639717,0.026629633341446298,0.7596339786345672,0.0039020445553411796,0.282599651643666,-0.9305745286549502,-0.05162727101431079,1.122734445633623,0.11121934532533631,-0.0801786024342908,-0.2175550762844412,0.010338095431908946,-0.16096275923412948,0.8354818597387822
265,3992.986497043027,2375.068884875127,0.003992986497043027,0.002375068884875127,265,3.6012978415568173,0.7552770210298675,no,21888.88888888889,18644,1.3121446856493963,DM,mg_m2_y,3406.3333333333335,499.3333333333333,1761.5555555555557,4888.888888888889,NA,NA,Stagliano_Whiles_2002_KingsCreek,102,-96.58,39.08,"Also includes Coleoptera, Megaloptera, and Odonata data, in addition to many non-insect groups. Chironomidae from summing subfamilies in Tables 4, 5.",1.6,134 ha,"Tables 3, 4, 5",392.8940217,2757.133284,0.03010665,1.269999981,23.33333206,65.00854701,65.99145299,9,NA,7120560910,26.43,1.55,18.08,0,53.77,0.16,0,259,875,26,2289,181,1.927000046,121,387,0.824000001,0,26,114,114,84,84,Stagliano and Whiles (2002),2002,Stagliano and Whiles (2002),12.1,0.875,12.490675198730912,7120560910,NA,NA,NA,NA,NA,from posterior of brm_mean_sd_fi model,1.2768013629191308,0.07768306266055554,3127.3357101639717,0.09401501376818855,0.6245337599365456,-0.3861098425461851,-0.13369229148728834,-0.45994151530343286,-1.1239055450792608,-1.292474508672022,0.4795194724682532,0.052818385910180676,0.17798477364129334,-0.26303874086206325,-0.1738109457588769,0.3622832623053528
266,524.7067833324344,312.0968769002199,5.247067833324343e-4,3.120968769002199e-4,266,2.719916678730076,-0.633684407153949,no,5220,2450,1.035430885967084,DM,mg_m2_y,70,850,460,850,230,NA,Stead_EtAl_2005_LoneOak,219,0.1,51.075,Dry Weight,3,NA,NA,112.5544643,469.0501229,0.034735725,1.425020885,14.98958349,59.84507042,59.82394366,6,NA,2120400380,24.44,17.14,43.19,0,14.58,0.64,0,170,689,36,226,378,344.7839966,99,88,3.21600008,0,17,295,305,266,270,Stead et al. (2005),2005,Stead et al. (2005),9.9,0.689,10.012001376739795,2120400380,NA,NA,NA,NA,NA,from posterior of brm_mean_sd_fi model,0.16778076674887044,0.010207973923955544,3127.3357101639717,0.022420433232637045,0.5006000688369897,-0.6717090984551768,-0.5240442560274352,-0.8508283791703876,-0.3744084935160927,-1.292474508672022,0.0651818294324717,2.0588562934392924,2.5388632528855215,1.810068934367226,2.215951747844145,-0.07180373894623396
267,812.9610739151228,501.0221609403065,8.129610739151228e-4,5.010221609403065e-4,267,2.9100697512661613,-0.33402372192192237,no,4847.777777777778,3769.5436776339707,489.13176811940485,DM,mg_m2_y,NA,NA,NA,NA,NA,NA,Stone_Wallace_1998_BigHurricaneBranch_CatchC7,103,-83.43,35.06,"Coweeta LTER. FFG by habitat and overall as well, but cannot parse species or order information from this. Assuming column names in table are in error (""""Disturbed: Reference"""" should be """"Disturbed: Depositional"""" and """"Habitat-weighted: Depositional"""" should be """"Habitat-weighted: Disturbed"""".",NA,59.5 ha,Table 4,899.972973,5093.644971,0.020613902,1.399999976,24,49.88181818,50.44545455,4,NA,7121121760,0.55,94.07,4.91,0,0.19,0.27,0,196,1912,145,820,952,3.895999908,102,1192,4.573999882,100,1,51,51,53,53,Stone and Wallace (1998),1998,Stone and Wallace (1998),10.2,1.912,10.33707109918169,7121121760,3769.5436776339707,-0.45129462625773853,2.689425870285837,-0.9936039606321087,0.009276103110420417,from posterior of brm_prop_insects_beta model,0.25995324751128107,0.01638728719428241,3127.3357101639717,0.020821700765005415,0.5168535549590845,1.2061827831399674,1.143098467775465,0.592446195107599,-0.17672407277586574,1.2498507063865516,-0.6714184248533621,-0.6454158028982946,-0.6007343058999965,-0.6161504877417774,-0.5721047280260473,-0.014874690936546383
268,1530.101112934462,945.7643390328669,0.001530101112934462,9.45764339032867e-4,268,3.1847201310388535,0.0987955846727841,no,9234.444444444443,7167.5384084246325,933.6794500468011,DM,mg_m2_y,NA,NA,NA,NA,NA,NA,Stone_Wallace_1998_HughWhiteCreek_CatchC14,104,-83.43,35.05,"Coweeta LTER. FFG by habitat and overall as well, but cannot parse species or order information from this. Assuming column names in table are in error (""""Disturbed: Reference"""" should be """"Disturbed: Depositional"""" and """"Habitat-weighted: Depositional"""" should be """"Habitat-weighted: Disturbed"""".",NA,61.1 ha,Table 4,922.3255682,5089.150659,0.020326253,1.399999976,24,49.66363636,50.25454545,4,NA,7121121760,0.54,95,3.96,0,0.19,0.31,0,196,1912,145,820,952,3.895999908,102,1192,4.573999882,100,1,51,51,53,53,Stone and Wallace (1998),1998,Stone and Wallace (1998),10.2,1.912,10.33707109918169,7121121760,7167.5384084246325,0.05252236635956056,2.970197800244691,-0.5374477144145188,0.01770669462753131,from posterior of brm_prop_insects_beta model,0.489266664899956,0.03093378507001572,3127.3357101639717,0.039662882204437304,0.5168535549590845,1.2061827831399674,1.143098467775465,0.592446195107599,-0.17672407277586574,1.2498507063865516,-0.6714184248533621,-0.6454158028982946,-0.6007343058999965,-0.6161504877417774,-0.5721047280260473,-0.014874690936546383
269,2130.981273708098,1267.5294186199678,0.002130981273708098,0.001267529418619968,269,3.3285796333083018,0.3255026078738969,no,22550,9950,1.1547511884573018,DM,mg_m2_y,1030,830,3040,360,NA,NA,Tod_SchmidAraya_2009_Rover_Lambourn_Gravel,221,-1.35,51.425000000000004,Lists width as 3-6 m.,4.5,NA,"Tables 1, 2",109.6821429,376.3227251,0.030531608,1.374510276,21.66354122,64.48412698,63.9047619,12,NA,2120394450,48.66,7,25.71,0,5.43,13.2,0,161,738,25,631,396,118.7030029,95,125,2.032000065,1,53,285,285,260,260,Tod and Schmid-Araya (2009),2009,Tod and Schmid-Araya (2009),9.5,0.738,9.586671194532865,2120394450,NA,NA,NA,NA,NA,from posterior of brm_mean_sd_fi model,0.681404707138514,0.041457983756934054,3127.3357101639717,0.0968545535241313,0.47933355972664327,-0.5964705848017328,-0.4118261487691332,-0.8024577639092594,-0.6303945669151795,-1.2670512565214362,1.7225324015755976,1.9480254698188995,2.291650846681937,1.741724725293733,2.0874698825966704,-0.14629127405389225
270,6823.450780803412,4058.66339781931,0.0068234507808034115,0.00405866339781931,270,3.8340040632260664,1.1219968689562265,no,64989.99999999999,31860,1.5979174117258097,DM,mg_m2_y,2300,6,15420,980,NA,NA,Tod_SchmidAraya_2009_Rover_Lambourn_Macrophyte,220,-1.35,51.425000000000004,Lists width as 3-6 m.,4.5,NA,Table 5,109.6821429,376.3227251,0.030531608,1.374510276,21.66354122,64.48412698,63.9047619,12,NA,2120394450,48.66,7,25.71,0,5.43,13.2,0,161,738,25,631,396,118.7030029,95,125,2.032000065,1,53,285,285,260,260,Tod and Schmid-Araya (2009),2009,Tod and Schmid-Araya (2009),9.5,0.738,9.586671194532865,2120394450,NA,NA,NA,NA,NA,from posterior of brm_mean_sd_fi model,2.1818734581730106,0.1327495825736766,3127.3357101639717,0.27913868884848303,0.47933355972664327,-0.5964705848017328,-0.4118261487691332,-0.8024577639092594,-0.6303945669151795,-1.2670512565214362,1.7225324015755976,1.9480254698188995,2.291650846681937,1.741724725293733,2.0874698825966704,-0.14629127405389225
271,13753.923055429392,8180.941849550646,0.013753923055429391,0.008180941849550646,271,4.13842659040764,1.601733861257438,no,64220,64220,2.59301245458986,DM,mg_m2_y,4490,9988,47852,838,1052,NA,Tsuda_etal_1975_Yoshino,NA,135.976312,34.392526000000004,"Takami River, Japan. Benthic total secondary production assumed to be same as insect secondary production based on text. Paper sometimes referred to as Gose et al. (1975).",NA,NA,Table 8.11,512.0965909,9492.849564,0.026792477,1.120000005,20.33333206,52.27777778,52.58333333,6,NA,4120635090,0.03,97.61,1.83,0,0.09,0.44,0,257,2090,181,8585,1372,65.8710022,140,328,33.55799866,57,12,237,138,227,127,Tsuda et al. (1975),1975,Tsuda et al. (1975),14,2.09,14.724209858775502,4120635090,NA,NA,NA,NA,NA,from posterior of brm_mean_sd_fi model,4.397968216436939,0.267579867837988,3127.3357101639717,0.2758314601915615,0.7362104929387752,1.4794982000851316,1.2884935118273584,-0.5370730369360427,0.9510139354602137,0.156650863911365,-0.16500575003185136,1.4160375164410133,0.47463966108559424,1.3658315753895212,0.3786610748052626,0.7534393531827723
272,2639.018631825544,1569.7172986427604,0.002639018631825544,0.0015697172986427605,272,3.421442456408173,0.47184437785716704,no,12590.111111111111,12322.111111111111,1.1957044381307464,DM,mg_m2_y,7493.277777777778,63.611111111111114,784.0000000000001,1592.3333333333333,2656.8888888888887,NA,Vandermyde_Whiles_2015_K02A_Closed,105,-96.57,39.1,"Konza prairie, Kansas, USA stream, closed canopy treatment. Excluding crayfish. 2-year average.",3.4,0.661,"Table 4, Appendix S3, Appendix S4",383.845339,2773.571395,0.030572013,1.269999981,23.33333206,66.2,67.1826087,12,NA,7120560910,26.89,2.73,21.03,0,48.91,0.23,0.22,259,875,26,2289,181,1.927000046,121,387,0.824000001,0,26,114,114,84,84,Vandermyde and Whiles (2015),2015,Vandermyde and Whiles (2015),12.1,0.875,12.490675198730912,7120560910,NA,NA,NA,NA,NA,from posterior of brm_mean_sd_fi model,0.8438552417793278,0.05134185709154063,3127.3357101639717,0.0540758133253158,0.6245337599365456,-0.3861098425461851,-0.13369229148728834,-0.45994151530343286,-1.1239055450792608,-1.292474508672022,0.4795194724682532,0.052818385910180676,0.17798477364129334,-0.26303874086206325,-0.1738109457588769,0.3622832623053528
273,2155.9184237315144,1282.3555816326877,0.0021559184237315144,0.0012823555816326878,273,3.333632323864646,0.33346510195398676,no,12438.555555555557,10066.444444444443,1.1569930632453325,DM,mg_m2_y,5151.444444444445,67.16666666666667,387.5,2716.7222222222226,4115.722222222223,NA,Vandermyde_Whiles_2015_K02A_Open,106,-96.57,39.1,"Konza prairie, Kansas, USA stream, open canopy treatment. Excluding crayfish. 2-year average.",2.6,0.661,"Table 4, Appendix S3, Appendix S4",383.845339,2773.571395,0.030572013,1.269999981,23.33333206,66.2,67.1826087,12,NA,7120560910,26.89,2.73,21.03,0,48.91,0.23,0.22,259,875,26,2289,181,1.927000046,121,387,0.824000001,0,26,114,114,84,84,Vandermyde and Whiles (2015),2015,Vandermyde and Whiles (2015),12.1,0.875,12.490675198730912,7120560910,NA,NA,NA,NA,NA,from posterior of brm_mean_sd_fi model,0.6893786352148538,0.04194291358682961,3127.3357101639717,0.053424866732524896,0.6245337599365456,-0.3861098425461851,-0.13369229148728834,-0.45994151530343286,-1.1239055450792608,-1.292474508672022,0.4795194724682532,0.052818385910180676,0.17798477364129334,-0.26303874086206325,-0.1738109457588769,0.3622832623053528
274,2624.792829969112,1561.2467621223266,0.002624792829969112,0.0015612467621223265,274,3.4190950310365165,0.46814508924710196,no,12986.222222222224,12255.722222222224,1.1944004015631389,DM,mg_m2_y,6579.222222222223,112.7777777777778,628.9444444444445,2816.9444444444443,2848.3333333333335,NA,Vandermyde_Whiles_2015_K02A_Removal,107,-96.57,39.1,"Konza prairie, Kansas, USA stream, canopy removal treatment. Excluding crayfish. 2-year average.",3,0.661,"Table 4, Appendix S3, Appendix S4",383.845339,2773.571395,0.030572013,1.269999981,23.33333206,66.2,67.1826087,12,NA,7120560910,26.89,2.73,21.03,0,48.91,0.23,0.22,259,875,26,2289,181,1.927000046,121,387,0.824000001,0,26,114,114,84,84,Vandermyde and Whiles (2015),2015,Vandermyde and Whiles (2015),12.1,0.875,12.490675198730912,7120560910,NA,NA,NA,NA,NA,from posterior of brm_mean_sd_fi model,0.8393063851247008,0.05106480524539176,3127.3357101639717,0.05577715101101932,0.6245337599365456,-0.3861098425461851,-0.13369229148728834,-0.45994151530343286,-1.1239055450792608,-1.292474508672022,0.4795194724682532,0.052818385910180676,0.17798477364129334,-0.26303874086206325,-0.1738109457588769,0.3622832623053528
275,2008.419165320449,1194.6282278119531,0.002008419165320449,0.0011946282278119532,275,3.3028543569729734,0.28496235347982263,no,11091.222222222224,9377.777777777776,1.145260298248695,DM,mg_m2_y,4742.833333333334,40.111111111111114,204.44444444444449,1518.8333333333337,4585,NA,Vandermyde_Whiles_2015_N04D_Closed,108,-96.58,39.08,"Konza prairie, Kansas, USA stream, closed canopy treatment. Excluding crayfish. 2-year average.",1.4,1.355,"Table 4, Appendix S5, Appendix S6",392.8940217,2757.133284,0.03010665,1.269999981,23.33333206,65.00854701,65.99145299,9,NA,7120560910,26.43,1.55,18.08,0,53.77,0.16,0,259,875,26,2289,181,1.927000046,121,387,0.824000001,0,26,114,114,84,84,Vandermyde and Whiles (2015),2015,Vandermyde and Whiles (2015),12.1,0.875,12.490675198730912,7120560910,NA,NA,NA,NA,NA,from posterior of brm_mean_sd_fi model,0.6422141245639229,0.03907355280015956,3127.3357101639717,0.047637932433270816,0.6245337599365456,-0.3861098425461851,-0.13369229148728834,-0.45994151530343286,-1.1239055450792608,-1.292474508672022,0.4795194724682532,0.052818385910180676,0.17798477364129334,-0.26303874086206325,-0.1738109457588769,0.3622832623053528
276,1235.97924382243,735.16705722934,0.00123597924382243,7.351670572293401e-4,276,3.092011177573935,-0.04730370340035264,no,7806.777777777778,5771,1.0863052218742668,DM,mg_m2_y,1826.0555555555557,49.72222222222222,164.22222222222223,2323.722222222222,3443.0555555555557,NA,Vandermyde_Whiles_2015_N04D_Open,109,-96.58,39.08,"Konza prairie, Kansas, USA stream, open canopy treatment. Excluding crayfish. 2-year average.",1.8,1.355,"Table 4, Appendix S5, Appendix S6",392.8940217,2757.133284,0.03010665,1.269999981,23.33333206,65.00854701,65.99145299,9,NA,7120560910,26.43,1.55,18.08,0,53.77,0.16,0,259,875,26,2289,181,1.927000046,121,387,0.824000001,0,26,114,114,84,84,Vandermyde and Whiles (2015),2015,Vandermyde and Whiles (2015),12.1,0.875,12.490675198730912,7120560910,NA,NA,NA,NA,NA,from posterior of brm_mean_sd_fi model,0.3952179613481999,0.024045630396831916,3127.3357101639717,0.03353090803231826,0.6245337599365456,-0.3861098425461851,-0.13369229148728834,-0.45994151530343286,-1.1239055450792608,-1.292474508672022,0.4795194724682532,0.052818385910180676,0.17798477364129334,-0.26303874086206325,-0.1738109457588769,0.3622832623053528
277,1882.3935475428973,1119.6560464950114,0.0018823935475428973,0.0011196560464950113,277,3.274710425498544,0.24061056006270493,no,13079.5,8789.27777777778,1.1350795584749855,DM,mg_m2_y,3704.7777777777783,6.277777777777779,376.44444444444446,1129.2777777777778,7862.722222222223,NA,Vandermyde_Whiles_2015_N04D_Removal,110,-96.58,39.08,"Konza prairie, Kansas, USA stream, canopy removal treatment. Excluding crayfish. 2-year average.",1.6,1.355,"Table 4, Appendix S5, Appendix S6",392.8940217,2757.133284,0.03010665,1.269999981,23.33333206,65.00854701,65.99145299,9,NA,7120560910,26.43,1.55,18.08,0,53.77,0.16,0,259,875,26,2289,181,1.927000046,121,387,0.824000001,0,26,114,114,84,84,Vandermyde and Whiles (2015),2015,Vandermyde and Whiles (2015),12.1,0.875,12.490675198730912,7120560910,NA,NA,NA,NA,NA,from posterior of brm_mean_sd_fi model,0.6019160467566816,0.03662138448785029,3127.3357101639717,0.056177788595072074,0.6245337599365456,-0.3861098425461851,-0.13369229148728834,-0.45994151530343286,-1.1239055450792608,-1.292474508672022,0.4795194724682532,0.052818385910180676,0.17798477364129334,-0.26303874086206325,-0.1738109457588769,0.3622832623053528
278,24.913034194559604,18.320049086554246,2.4913034194559605e-5,1.8320049086554246e-5,278,1.3964266241124452,-2.7193616532538227,no,166.66666666666669,115.51590719524903,43.46430674229513,DM,mg_m2_y,NA,NA,NA,NA,NA,NA,Venarsky_EtAl_2014_Hering,111,-85.98,34.790000000000006,Cave System. Added crayfish production (Table 2) to non-crayfish macroinvertebrate production (Table 4).,NA,NA,"Tables 2, 4",229.5259009,5317.397338,0.031846141,1.333333015,22.33333206,55.51351351,55.32432432,12,NA,7120666340,30.03,57.26,10.56,0,1.92,0.23,0,253,1444,43,1521,594,26.24099922,150,239,2.611000061,80,21,109,109,108,108,Venarsky et al. (2014),2014,Venarsky et al. (2014),15,1.444,15.88880551510285,7120666340,115.51590719524903,-3.1838360470225098,1.6381327569993454,-2.7015878046775095,8.242756190516917e-4,from posterior of brm_prop_insects_beta model,0.00796621677474254,5.992068399355379e-4,3127.3357101639717,7.158503586410296e-4,0.7944402757551425,0.48757820375605293,0.6845521850432023,-0.6534239763479456,-0.49088565985945876,0.7413856633748369,0.24933189300393013,-0.0025970259000157735,0.11618167209039731,0.010338095431908946,0.13454553083506143,0.9573935127178359
279,45.95518122495952,34.48482812199062,4.595518122495952e-5,3.4484828121990616e-5,279,1.6623344830900588,-2.3003196142949647,no,304.44444444444446,210.78418814862033,79.19937669867886,DM,mg_m2_y,NA,NA,NA,NA,NA,NA,Venarsky_EtAl_2014_Limrock,112,-85.98,34.790000000000006,Cave System. Added crayfish production (Table 2) to non-crayfish macroinvertebrate production (Table 4).,NA,NA,"Tables 2, 4",229.5259009,5317.397338,0.031846141,1.333333015,22.33333206,55.51351351,55.32432432,12,NA,7120666340,30.03,57.26,10.56,0,1.92,0.23,0,253,1444,43,1521,594,26.24099922,150,239,2.611000061,80,21,109,109,108,108,Venarsky et al. (2014),2014,Venarsky et al. (2014),15,1.444,15.88880551510285,7120666340,210.78418814862033,-2.7123063305110486,1.898721763693161,-2.2782217541024354,0.0015019707007839056,from posterior of brm_prop_insects_beta model,0.01469467479158162,0.0011279197335701408,3127.3357101639717,0.0013076199884509473,0.7944402757551425,0.48757820375605293,0.6845521850432023,-0.6534239763479456,-0.49088565985945876,0.7413856633748369,0.24933189300393013,-0.0025970259000157735,0.11618167209039731,0.010338095431908946,0.13454553083506143,0.9573935127178359
280,296.4208163154761,223.54398015785677,2.964208163154761e-4,2.2354398015785677e-4,280,2.4719086989479906,-1.0245181716223462,no,2035.5555555555557,1412.435788396247,526.9526578374139,DM,mg_m2_y,NA,NA,NA,NA,NA,NA,Venarsky_EtAl_2014_TonySinks,113,-85.98,34.790000000000006,Cave System. Added crayfish production (Table 2) to non-crayfish macroinvertebrate production (Table 4).,NA,NA,"Tables 2, 4",229.5259009,5317.397338,0.031846141,1.333333015,22.33333206,55.51351351,55.32432432,12,NA,7120666340,30.03,57.26,10.56,0,1.92,0.23,0,253,1444,43,1521,594,26.24099922,150,239,2.611000061,80,21,109,109,108,108,Venarsky et al. (2014),2014,Venarsky et al. (2014),15,1.444,15.88880551510285,7120666340,1412.435788396247,-1.2209174318441511,2.7217715993424627,-0.9410534569197049,0.00999335456620083,from posterior of brm_prop_insects_beta model,0.09478381721287422,0.007311611519387908,3127.3357101639717,0.008742919046869108,0.7944402757551425,0.48757820375605293,0.6845521850432023,-0.6534239763479456,-0.49088565985945876,0.7413856633748369,0.24933189300393013,-0.0025970259000157735,0.11618167209039731,0.010338095431908946,0.13454553083506143,0.9573935127178359
281,818.344781620146,503.29493012399104,8.18344781620146e-4,5.03294930123991e-4,281,2.912936317372334,-0.3295063236375713,no,4947.777777777778,3834.3657161154024,512.6756261266241,DM,mg_m2_y,NA,NA,NA,NA,NA,NA,Wallace_EtAl_1995_DDP,114,-83.45,35.05,"Coweeta, North Carolina, USA, Debris dam transect before log additions. Insect production not reported; Cambarus (crayfish) production divided equally among the functional feeding groups.",2.2,NA,Table 7,1040.030134,4947.168357,0.019543858,1.399999976,24,48.97297297,49.62162162,4,NA,7121121760,0.09,98.92,0.84,0,0.05,0.1,0,196,1912,145,820,952,3.895999908,102,1192,4.573999882,100,1,51,51,53,53,Wallace et al. (1995),1995,Wallace et al. (1995),10.2,1.912,10.33707109918169,7121121760,3834.3657161154024,-0.43792704810082467,2.7098426704922134,-0.9604337967083862,0.00972259885804225,from posterior of brm_prop_insects_beta model,0.26167474728104545,0.016461624268054663,3127.3357101639717,0.021251210980190033,0.5168535549590845,1.2061827831399674,1.143098467775465,0.592446195107599,-0.17672407277586574,1.2498507063865516,-0.6714184248533621,-0.6454158028982946,-0.6007343058999965,-0.6161504877417774,-0.5721047280260473,-0.014874690936546383
282,2175.3188341995237,1318.162795121764,0.0021753188341995236,0.0013181627951217641,282,3.337522920042587,0.339596260925513,no,13242.222222222224,10280.494911132859,1351.1243745117179,DM,mg_m2_y,NA,NA,NA,NA,NA,NA,Wallace_EtAl_1995_DDT,115,-83.45,35.05,"Coweeta, North Carolina, USA, Debris dam transect after log additions. Insect production not reported; Cambarus (crayfish) production divided equally among the functional feeding groups.",3,NA,Table 7,1040.030134,4947.168357,0.019543858,1.399999976,24,48.97297297,49.62162162,4,NA,7121121760,0.09,98.92,0.84,0,0.05,0.1,0,196,1912,145,820,952,3.895999908,102,1192,4.573999882,100,1,51,51,53,53,Wallace et al. (1995),1995,Wallace et al. (1995),10.2,1.912,10.33707109918169,7121121760,10280.494911132859,0.33530706089816176,3.130695328798444,-0.27669533021781806,0.025623297912462394,from posterior of brm_prop_insects_beta model,0.6955821299036259,0.04311408551657263,3127.3357101639717,0.05687669716189195,0.5168535549590845,1.2061827831399674,1.143098467775465,0.592446195107599,-0.17672407277586574,1.2498507063865516,-0.6714184248533621,-0.6454158028982946,-0.6007343058999965,-0.6161504877417774,-0.5721047280260473,-0.014874690936546383
283,960.2409273501519,588.4053317860022,9.602409273501519e-4,5.884053317860022e-4,283,2.98238021250956,-0.22007025234793592,no,5788.88888888889,4496.231323378283,595.7526188504042,DM,mg_m2_y,NA,NA,NA,NA,NA,NA,Wallace_EtAl_1995_RP,116,-83.45,35.04,"Coweeta, North Carolina, USA, Reference transect before log additions. Insect production not reported; Cambarus (crayfish) production divided equally among the functional feeding groups.",2.3,NA,Table 7,1045.471644,4961.599527,0.019511943,1.399999976,24,48.83333333,49.5,4,NA,7121121760,0.08,98.93,0.77,0,0.09,0.13,0,196,1912,145,820,952,3.895999908,102,1192,4.573999882,100,1,51,51,53,53,Wallace et al. (1995),1995,Wallace et al. (1995),10.2,1.912,10.33707109918169,7121121760,4496.231323378283,-0.3130833989439227,2.7750659601242926,-0.8544687489598739,0.011298106320115964,from posterior of brm_prop_insects_beta model,0.30704760100725,0.019245390544257925,3127.3357101639717,0.024863869123465096,0.5168535549590845,1.2061827831399674,1.143098467775465,0.592446195107599,-0.17672407277586574,1.2498507063865516,-0.6714184248533621,-0.6454158028982946,-0.6007343058999965,-0.6161504877417774,-0.5721047280260473,-0.014874690936546383
284,1703.93626786031,1047.057514063335,0.00170393626786031,0.001047057514063335,284,3.2314533468660045,0.17244208057782767,no,10258.888888888889,7967.81005298975,1043.2894976417413,DM,mg_m2_y,NA,NA,NA,NA,NA,NA,Wallace_EtAl_1995_RT,117,-83.45,35.04,"Coweeta, North Carolina, USA, Reference transect after log additions. Insect production not reported; Cambarus (crayfish) production divided equally among the functional feeding groups.",2.6,NA,Table 7,1045.471644,4961.599527,0.019511943,1.399999976,24,48.83333333,49.5,4,NA,7121121760,0.08,98.93,0.77,0,0.09,0.13,0,196,1912,145,820,952,3.895999908,102,1192,4.573999882,100,1,51,51,53,53,Wallace et al. (1995),1995,Wallace et al. (1995),10.2,1.912,10.33707109918169,7121121760,7967.81005298975,0.13550871853748814,3.018404835543483,-0.4591281321599881,0.019785386239278245,from posterior of brm_prop_insects_beta model,0.5448523682067281,0.03424685279326712,3127.3357101639717,0.04406297574221751,0.5168535549590845,1.2061827831399674,1.143098467775465,0.592446195107599,-0.17672407277586574,1.2498507063865516,-0.6714184248533621,-0.6454158028982946,-0.6007343058999965,-0.6161504877417774,-0.5721047280260473,-0.014874690936546383
285,1585.233886738062,966.5009662929132,0.001585233886738062,9.665009662929132e-4,285,3.2000933474535045,0.12302211177326167,no,9487.611111111111,7356.61221917567,964.2575445600859,DM,mg_m2_y,NA,NA,NA,NA,NA,NA,Wallace_EtAl_1999_C53_Before,118,-83.45100000000001,35.062000000000005,"Watershed C53 stream in Coweeta, North Carolina, USA. Stream before litter exclusion experiment. Calculated habitat-weighted estimates using habitat proportions from Table 1, using approach described in Methods section.",0.95,0.052,Table 9,1010.414564,4955.486821,0.019934999,1.399999976,24,49.24324324,49.89189189,4,NA,7121121760,0.09,98.61,1.15,0,0.05,0.1,0,196,1912,145,820,952,3.895999908,102,1192,4.573999882,100,1,51,51,53,53,Wallace et al. (1999),1999,Wallace et al. (1999),10.2,1.912,10.33707109918169,7121121760,7356.61221917567,0.07293606164430673,2.9841930455655574,-0.5147103326135809,0.01828659063125227,from posterior of brm_prop_insects_beta model,0.5068959758896321,0.03161203264635726,3127.3357101639717,0.040750258899213035,0.5168535549590845,1.2061827831399674,1.143098467775465,0.592446195107599,-0.17672407277586574,1.2498507063865516,-0.6714184248533621,-0.6454158028982946,-0.6007343058999965,-0.6161504877417774,-0.5721047280260473,-0.014874690936546383
286,933.4438050637891,570.3958865463223,9.334438050637891e-4,5.703958865463224e-4,286,2.970088177790926,-0.23944117019614883,no,5585.700000000001,4338.337749835204,572.2619612281859,DM,mg_m2_y,NA,NA,NA,NA,NA,NA,Wallace_EtAl_1999_C55_Before,119,-83.432,35.068000000000005,"Watershed C55 stream in Coweeta, North Carolina, USA. Stream before litter exclusion experiment. Calculated habitat-weighted estimates using habitat proportions from Table 1, using approach described in Methods section.",1.4,0.075,Table 9,877.3669725,5105.490754,0.020828598,1.399999976,24,49.99107143,50.53571429,4,NA,7121121760,0.61,93.76,5,0,0.32,0.31,0,196,1912,145,820,952,3.895999908,102,1192,4.573999882,100,1,51,51,53,53,Wallace et al. (1999),1999,Wallace et al. (1999),10.2,1.912,10.33707109918169,7121121760,4338.337749835204,-0.34111073303092404,2.7575948789195097,-0.8828531491415601,0.01085261948724665,from posterior of brm_prop_insects_beta model,0.2984789263365803,0.018656342844654276,3127.3357101639717,0.023991152089567196,0.5168535549590845,1.2061827831399674,1.143098467775465,0.592446195107599,-0.17672407277586574,1.2498507063865516,-0.6714184248533621,-0.6454158028982946,-0.6007343058999965,-0.6161504877417774,-0.5721047280260473,-0.014874690936546383
287,4231.1707307417455,3113.005071786895,0.004231170730741745,0.003113005071786895,287,3.626460549775412,0.7949307288901323,no,27666.666666666668,19528.17840465778,7135.390303160771,DM,mg_m2_y,NA,NA,NA,NA,NA,NA,Walther_Whiles_2011_BC1_Yr1,120,-89.16,37.41,"Big Creek, Illinois, USA, upstream site, year 1.",6.4,20.72,Table 4,152.1863938,4264.891243,0.04497468,1.360000014,21.33333206,57.09649123,55.94736842,12,NA,7120605290,12.62,38.91,38.08,0,9.77,0.58,0.04,257,1196,18,7091,491,24.84499931,135,144,1.991000056,2,53,125,125,119,119,Walther and Whiles (2011),2011,Walther and Whiles (2011),13.5,1.196,14.13577453690001,7120605290,19528.17840465778,0.8383414014224164,3.8534177338449105,0.897475960308472,0.1353185797759421,from posterior of brm_prop_insects_beta model,1.3529633921264876,0.10181926494606199,3127.3357101639717,0.11883115953441091,0.7067887268450005,0.10677919587739733,0.37676522638416093,-0.7776187993157071,-0.6417026777345445,-1.2416280043708505,1.7225324015755976,0.17473229189261286,0.3139515970532646,0.1356358120666462,0.2758755826072832,0.6503874219293668
288,2962.3052069434434,2108.0193614802292,0.0029623052069434434,0.0021080193614802295,288,3.4716298019444167,0.550934208764387,no,19555.555555555555,13784.038708548282,5064.2979727891625,DM,mg_m2_y,NA,NA,NA,NA,NA,NA,Walther_Whiles_2011_BC1_Yr2,121,-89.16,37.41,"Big Creek, Illinois, USA, downstream site, year 1.",6.4,20.72,Table 4,152.1863938,4264.891243,0.04497468,1.360000014,21.33333206,57.09649123,55.94736842,12,NA,7120605290,12.62,38.91,38.08,0,9.77,0.58,0.04,257,1196,18,7091,491,24.84499931,135,144,1.991000056,2,53,125,125,119,119,Walther and Whiles (2011),2011,Walther and Whiles (2011),13.5,1.196,14.13577453690001,7120605290,13784.038708548282,0.5652306856368817,3.7045192507476417,0.6555679706917859,0.09604150300460047,from posterior of brm_prop_insects_beta model,0.9472296809440149,0.0689484844799113,3127.3357101639717,0.08399310874721413,0.7067887268450005,0.10677919587739733,0.37676522638416093,-0.7776187993157071,-0.6417026777345445,-1.2416280043708505,1.7225324015755976,0.17473229189261286,0.3139515970532646,0.1356358120666462,0.2758755826072832,0.6503874219293668
289,4419.82177700348,3164.277619006349,0.00441982177700348,0.0031642776190063493,289,3.6454047573978556,0.824784752081064,no,29111.111111111113,20524.752433008667,7517.527632212592,DM,mg_m2_y,NA,NA,NA,NA,NA,NA,Walther_Whiles_2011_BC2_Yr1,122,-89.14999999999999,37.4,"Big Creek, Illinois, USA, upstream site, year 2.",4.6,41.44,Table 4,147.0533405,4274.283788,0.045108677,1.360000014,21.33333206,57.08108108,56.12612613,12,NA,7120605290,14.53,40.78,34.81,0,9,0.64,0.25,257,1196,18,7091,491,24.84499931,135,144,1.991000056,2,53,125,125,119,119,Walther and Whiles (2011),2011,Walther and Whiles (2011),13.5,1.196,14.13577453690001,7120605290,20524.752433008667,0.8773644657799968,3.876075033113812,0.9342861520731729,0.14256559478838765,from posterior of brm_prop_insects_beta model,1.4132866396910553,0.10349627251572857,3127.3357101639717,0.12503519597596652,0.7067887268450005,0.10677919587739733,0.37676522638416093,-0.7776187993157071,-0.6417026777345445,-1.2416280043708505,1.7225324015755976,0.17473229189261286,0.3139515970532646,0.1356358120666462,0.2758755826072832,0.6503874219293668
290,2572.9115598384105,1931.5189162343981,0.0025729115598384106,0.0019315189162343982,290,3.410424858214125,0.45448183419480787,no,16777.777777777777,11805.081072275634,4338.762799450392,DM,mg_m2_y,NA,NA,NA,NA,NA,NA,Walther_Whiles_2011_BC2_Yr2,123,-89.14999999999999,37.4,"Big Creek, Illinois, USA, downstream site, year 2.",4.6,41.44,Table 4,147.0533405,4274.283788,0.045108677,1.360000014,21.33333206,57.08108108,56.12612613,12,NA,7120605290,14.53,40.78,34.81,0,9,0.64,0.25,257,1196,18,7091,491,24.84499931,135,144,1.991000056,2,53,125,125,119,119,Walther and Whiles (2011),2011,Walther and Whiles (2011),13.5,1.196,14.13577453690001,7120605290,11805.081072275634,0.44372246028184914,3.6373659078601026,0.5464672610267152,0.08228214506307284,from posterior of brm_prop_insects_beta model,0.8227167782071942,0.06317555922500075,3127.3357101639717,0.07206226943653031,0.7067887268450005,0.10677919587739733,0.37676522638416093,-0.7776187993157071,-0.6417026777345445,-1.2416280043708505,1.7225324015755976,0.17473229189261286,0.3139515970532646,0.1356358120666462,0.2758755826072832,0.6503874219293668
291,2805.002552523842,2094.2331542218794,0.002805002552523842,0.0020942331542218797,291,3.4479332607959288,0.5135910217020939,no,18916.666666666668,12935.055869532409,4983.2461114810885,DM,mg_m2_y,NA,NA,NA,NA,NA,NA,Whiting_EtAl_2011_KingsCreek_GalleryForest,128,-96.61,39.11,"Gallery Forest site, Konza Prairie. Only lists coordinates for general study area.",1.6,10.59,Table 4,353.5953664,2793.131563,0.031813377,1.269999981,23.33333206,68.2,68.7826087,5,NA,7120560580,37.99,3.69,23.46,0,34.37,0.24,0.24,261,863,12,2715,172,3.4349999429999998,121,350,105.8659973,12,29,265,47,270,59,Whiting et al. (2011),2011,Whiting et al. (2011),12.1,0.863,12.490675198730912,7120560580,12935.055869532409,0.5153904766351871,3.697512336542665,0.6441841842791652,0.0945044009969434,from posterior of brm_prop_insects_beta model,0.8969304265632457,0.06849756922051742,3127.3357101639717,0.08124901570575686,0.6245337599365456,-0.4045356009919265,-0.1562481016504619,-0.508312130564561,1.6036520961436307,-0.9873954828649931,0.617632020146847,1.7263638225781137,-0.6501767871407134,1.8556317404162213,-0.49501560887756263,0.3622832623053528
292,6022.81623043234,3630.1866757945527,0.006022816230432339,0.003630186675794553,292,3.7797996120786403,1.0365765138873848,no,35404.444444444445,28235.058149894343,2241.0481812842013,DM,mg_m2_y,NA,NA,NA,NA,NA,NA,Whiting_EtAl_2011_KingsCreek_Grass,129,-96.58,39.08,"Grass site, Konza Prairie. Only lists coordinates for general study area.",0.7,0.55,Table 4,392.8940217,2757.133284,0.03010665,1.269999981,23.33333206,65.00854701,65.99145299,9,NA,7120560910,26.43,1.55,18.08,0,53.77,0.16,0,259,875,26,2289,181,1.927000046,121,387,0.824000001,0,26,114,114,84,84,Whiting et al. (2011),2011,Whiting et al. (2011),12.1,0.875,12.490675198730912,7120560910,28235.058149894343,1.1274137769768722,3.3504511937242274,0.08033113764716886,0.042500191890905085,from posterior of brm_prop_insects_beta model,1.9258617521802777,0.11873509050668601,3127.3357101639717,0.15206570551825177,0.6245337599365456,-0.3861098425461851,-0.13369229148728834,-0.45994151530343286,-1.1239055450792608,-1.292474508672022,0.4795194724682532,0.052818385910180676,0.17798477364129334,-0.26303874086206325,-0.1738109457588769,0.3622832623053528
293,1724.4742284976141,1033.379413445299,0.0017244742284976142,0.001033379413445299,293,3.2366567084135234,0.18064201585125633,no,10128.888888888889,8074.258457650307,631.5382647126654,DM,mg_m2_y,NA,NA,NA,NA,NA,NA,Whiting_EtAl_2011_KingsCreek_Shrub,130,-96.58,39.09,"Shrub site, Konza Prairie. Only lists coordinates for general study area.",0.9,1.34,Table 4,384.8418803,2767.319897,0.030345632,1.269999981,23.33333206,65.77586207,66.68965517,12,NA,7120560910,30.08,2.05,20.11,0,47.52,0.22,0.01,259,875,26,2289,181,1.927000046,121,387,0.824000001,0,26,114,114,84,84,Whiting et al. (2011),2011,Whiting et al. (2011),12.1,0.875,12.490675198730912,7120560910,8074.258457650307,0.14591370752103275,2.8003996694600075,-0.8133103263389206,0.011976760544861164,from posterior of brm_prop_insects_beta model,0.55141960707736,0.033799473454438324,3127.3357101639717,0.0435046124624775,0.6245337599365456,-0.3861098425461851,-0.13369229148728834,-0.45994151530343286,-1.1239055450792608,-1.292474508672022,0.4795194724682532,0.052818385910180676,0.17798477364129334,-0.26303874086206325,-0.1738109457588769,0.3622832623053528
294,5323.286126477117,3976.3837155965243,0.005323286126477117,0.003976383715596525,294,3.726179810116115,0.9520775027286422,no,36000,24489.62196726398,9603.332358806045,DM,mg_m2_y,NA,NA,NA,NA,NA,NA,Wild_et_al_2022_GE,NA,11.297438,51.757163,"Getel agricultural stream, Germany.",1.2,NA,Table 3,160.5698785,403.6940797,0.033180676,1.353697881,18.22591114,68.92307692,68.73846154,9,NA,2120382210,85.82,4.6,2.66,0,0.58,6.27,0.07,178,524,28,324,140,92.31800079,88,124,2.243999958,0,70,214,163,215,160,Wild et al. (2022),2022,Wild et al. (2022),8.8,0.524,8.86673098729315,2120382210,24489.62196726398,1.0158361697078062,3.9824219594894026,1.1070627353284042,0.18212168370584259,from posterior of brm_prop_insects_beta model,1.7021793052713257,0.13005840264600924,3127.3357101639717,0.15462367746646238,0.44333654936465755,-0.9250632770841211,-0.9711842657880596,-0.8037650778352358,-0.5752625890152175,-1.292474508672022,2.505170171754296,1.1611266221141097,0.7836551688400744,1.229143157242535,0.8026512301219277,-0.27237348901434605
295,5136.83459386452,3081.6417768626284,0.00513683459386452,0.0030816417768626285,295,3.7106955816619576,0.9276760326552013,no,26800,23867.168166096657,1980.8740694188407,DM,mg_m2_y,NA,NA,NA,NA,NA,NA,Wild_et_al_2022_OB,NA,10.663493,51.734662,"Ochsenbach reference stream, Germany.",1,NA,Table 3,623.4547414,673.9953484,0.025412007,1.282073009,22.3369791,47.89583333,48.14583333,3,NA,2121114730,1.45,93.82,3.23,0,0.19,1.31,0,164,740,45,413,269,118.4990005,77,327,1.309999943,33,54,175,175,180,180,Wild et al. (2022),2022,Wild et al. (2022),7.7,0.74,7.805131632248795,2121114730,23867.168166096657,0.9956511068414989,3.296856866909115,-0.0067409102677454804,0.03756613925800394,from posterior of brm_prop_insects_beta model,1.642559376394927,0.10079344341290196,3127.3357101639717,0.11510873766947756,0.39025658161243976,-0.5933996250607758,-0.40740560309506973,-0.5383803508620191,-0.8725119786844714,-0.45350718770269266,1.7685699174684621,0.7288864099945773,0.9319826125622248,0.8304686043138255,1.0596149606168763,-0.45829003699791304
296,11540.471904949409,8717.783339482467,0.011540471904949409,0.008717783339482466,296,4.062223568050666,1.481646136185792,no,77700,54053.999117610016,19944.21578515509,DM,mg_m2_y,NA,NA,NA,NA,NA,NA,Wild_et_al_2022_SB,NA,11.286527999999999,51.72090800000001,"Sauerbach agricultural stream, Germany.",1,NA,Table 3,220.9583333,412.994557,0.033256005,1.336597125,21.04282379,62.69172932,63.41353383,9,NA,2120384900,59.98,31.27,3.88,0,0.65,4.22,0,170,585,34,499,131,74.18800354,80,267,0.716000021,6,47,151,151,141,141,Wild et al. (2022),2022,Wild et al. (2022),8,0.585,8.085724861806632,2120384900,54053.999117610016,1.6365705679942955,4.299816964342245,1.6227186771567181,0.37823059988696245,from posterior of brm_prop_insects_beta model,3.6901928588742146,0.2851387232323452,3127.3357101639717,0.333729437198448,0.4042862430903316,-0.8313990049849356,-0.7913150235594966,-0.6168191864206053,-1.1988973733239785,-1.1399349957685074,1.44630730621841,0.4628924333056344,0.6353277251179239,0.38623124533612074,0.5585356861517267,-0.40915010075070796
297,2936.130980798721,1784.779674751185,0.002936130980798721,0.0017847796747511848,297,3.467775425552377,0.5448601282597894,no,15400,13705.84476862621,1186.1548549590398,DM,mg_m2_y,NA,NA,NA,NA,NA,NA,Wild_et_al_2022_WG,NA,10.715570999999999,51.773748000000005,"Wormsgraben reference stream, Germany.",1.5,NA,Table 3,555.5052083,585.6862496,0.027720149,1.326450002,18.84357634,49.31468531,49.5034965,6,NA,2121114730,2.67,92.86,2.94,0,0.29,1.06,0.17,164,740,45,413,269,118.4990005,77,327,1.309999943,33,54,175,175,180,180,Wild et al. (2022),2022,Wild et al. (2022),7.7,0.74,7.805131632248795,2121114730,13705.84476862621,0.5607704497391337,3.0741413907685717,-0.3685757118653323,0.022494745703860817,from posterior of brm_prop_insects_beta model,0.9388601841676839,0.058376054771258484,3127.3357101639717,0.06614457313843113,0.39025658161243976,-0.5933996250607758,-0.40740560309506973,-0.5383803508620191,-0.8725119786844714,-0.45350718770269266,1.7685699174684621,0.7288864099945773,0.9319826125622248,0.8304686043138255,1.0596149606168763,-0.45829003699791304
298,325.9686693805742,193.88432125980208,3.2596866938057424e-4,1.938843212598021e-4,298,2.5131758596721787,-0.9594855876348134,no,NA,1522,1.0217333753011273,DM,mg_m2_y,NA,NA,NA,NA,NA,NA,Williams_Hogg_1988,NA,-79.169126,43.77913900000001,"Small spring in Ontario. Average of two sampling stations, separated by ~100 m. Wet mass data in paper.",2,NA,Table 3,109.2344961,1014.478489,0.035820347,1.407833815,14.49586064,63.05714286,63.54285714,9,NA,7120452850,0.2,18.39,11.42,0,1.06,42.97,25.96,216,777,3,27,307,252.9160004,84,78,2.088999987,0,0,28,28,28,28,Williams and Hogg (1988),1988,Williams and Hogg (1988),8.4,0.777,8.4704037332856,7120452850,NA,NA,NA,NA,NA,from posterior of brm_mean_sd_fi model,0.10423206831334494,0.006341512018130947,3127.3357101639717,NA,0.42352018666428004,-0.5365868698530732,-0.3277122061240691,-0.863901518430152,-0.6150381307094761,-1.292474508672022,-0.7174559407462267,-0.9003266972251983,-0.8850285730341182,-0.9009180255479984,-0.893309391144733,-0.3417817781083154
299,771.0235643406908,458.6087388583816,7.710235643406907e-4,4.586087388583816e-4,299,2.887067651341157,-0.3702725446907171,no,4580,3600,1.0528224945842992,DM,mg_m2_y,1,895,770,1435,512,NA,Woodward_EtAl_2005_Broadstone,155,0.05,51.083,"Broadstone Stream, England.",NA,NA,Table 5,114.5455357,459.9259846,0.035119261,1.419745432,14.68287055,59.77536232,59.64492754,6,NA,2120400380,18.15,21.92,45.27,0,12.55,1.8,0.33,170,689,36,226,378,344.7839966,99,88,3.21600008,0,17,295,305,266,270,Woodward et al. (2005),2005,Woodward et al. (2005),9.9,0.689,10.012001376739795,2120400380,NA,NA,NA,NA,NA,from posterior of brm_mean_sd_fi model,0.24654326743202912,0.01500004131429102,3127.3357101639717,0.019671567855455492,0.5006000688369897,-0.6717090984551768,-0.5240442560274352,-0.8508283791703876,-0.3744084935160927,-1.292474508672022,0.0651818294324717,2.0588562934392924,2.5388632528855215,1.810068934367226,2.215951747844145,-0.07180373894623396
300,1168,777.7479282687077,0.001168,0,300,3.0674428427763805,-0.08602074300563124,yes,NA,NA,NA,DM,mg_m2_y,NA,NA,NA,NA,NA,1168,Yuen_Dudgeon_2016_SM,NA,114.1497667,22.41744304,NA,NA,NA,Table S4 (and text),285.5888158,15084.97431,0.021246033,1.360625005,31.0375,51.8625,52.025,6,NA,4120012600,0.82,80.54,7.47,0,0.1,8.46,2.61,279,2162,69,2067,1149,763.0230103,221,133,17.68600082,54,26,187,177,203,197,Yuen and Dudgeon (2016),2016,Yuen and Dudgeon (2016),22.1,2.162,22.539981068038838,4120012600,NA,NA,NA,NA,NA,from posterior of brm_mean_sd_fi model,0.37348085023425887,0.025438353148646398,3127.3357101639717,NA,1.1269990534019418,1.5900527507595799,1.343815886057863,-0.7919992525014479,0.5876097916959059,0.08038110745960779,0.4795194724682532,0.8618833983390488,0.9567038531825832,1.092454739095549,1.2780341315375827,2.122205447614768
301,713,473.5905444610483,7.13e-4,0,301,2.8530895298518657,-0.42381839084813794,yes,NA,NA,NA,DM,mg_m2_y,NA,NA,NA,NA,NA,713,Yuen_Dudgeon_2016_TKP,NA,114.1813543,22.425470929999996,NA,NA,NA,Table S4 (and text),157.7436869,15303.30732,0.021137005,1.38281248,27.63541667,52.14545455,52.38181818,6,NA,4120012600,0.95,54.43,6.15,0,0.29,11.45,26.74,279,2162,69,2067,1149,763.0230103,221,133,17.68600082,54,26,187,177,203,197,Yuen and Dudgeon (2016),2016,Yuen and Dudgeon (2016),22.1,2.162,22.539981068038838,4120012600,NA,NA,NA,NA,NA,from posterior of brm_mean_sd_fi model,0.22798959436389263,0.01549006185677369,3127.3357101639717,NA,1.1269990534019418,1.5900527507595799,1.343815886057863,-0.7919992525014479,0.5876097916959059,0.08038110745960779,0.4795194724682532,0.8618833983390488,0.9567038531825832,1.092454739095549,1.2780341315375827,2.122205447614768
302,4539.78802649781,2700.3029755869247,0.00453978802649781,0.0027003029755869245,302,3.6570355750880505,0.8431136633753644,no,34684.200000000004,21197.2,1.3617178293629715,DM,mg_m2_y,1482.8000000000002,1378,16884.4,1183,NA,NA,Zelinka_EtAl_1977_Bityska_Betamesosaprobity,NA,16.25,49.29800000000001,"Bityska brook, Czech Republic. Betamesosaprobitic site 4 km downstream of community pollution source.",2,112,Table 38,496.1046196,434.5691774,0.034463531,1.315999985,20,58.30827068,60.18796992,4,NA,2120452080,49.2,37.08,7,0,0.15,6.36,0.21,176,582,46,790,123,160.7640076,81,379,0.654999971,34,51,263,263,249,249,Zelinka et al. (1977),1977,Zelinka et al. (1977),8.1,0.582,8.180776627914499,2120452080,NA,NA,NA,NA,NA,from posterior of brm_mean_sd_fi model,1.4516471678250946,0.08832072475490854,3127.3357101639717,0.1489721820550632,0.40903883139572494,-0.8360054445963709,-0.7997129373265107,-0.47040002671124437,-1.24607887764167,-0.42808393555210694,1.6304573697898683,1.704197657854035,2.019717199857995,1.6164270086589956,1.9461398308244489,-0.392503805563596
303,6667.253212845118,3965.7355221746766,0.006667253212845117,0.0039657355221746765,303,3.823946949328822,1.1061479447095102,no,39332.4,31130.800000000003,1.57902410266438,DM,mg_m2_y,9765.2,1510,14174.6,908.4,NA,NA,Zelinka_EtAl_1977_Bityska_Oligosaprobity,NA,16.356,49.263000000000005,"Bityska brook, Czech Republic. Oligosaprobitic site 16 km downstream of community pollution source.",5,112,Table 38,440.0190217,431.4825074,0.033225784,1.317111095,20.0444444,56.85294118,58.91911765,4,NA,2120452080,35.96,52.83,6.39,0,0.08,4.73,0,176,582,46,790,123,160.7640076,81,379,0.654999971,34,51,263,263,249,249,Zelinka et al. (1977),1977,Zelinka et al. (1977),8.1,0.582,8.180776627914499,2120452080,NA,NA,NA,NA,NA,from posterior of brm_mean_sd_fi model,2.1319275673463087,0.12971012463096776,3127.3357101639717,0.1689366758772746,0.40903883139572494,-0.8360054445963709,-0.7997129373265107,-0.47040002671124437,-1.24607887764167,-0.42808393555210694,1.6304573697898683,1.704197657854035,2.019717199857995,1.6164270086589956,1.9461398308244489,-0.392503805563596
304,16528.361058545936,9831.201727903788,0.016528361058545934,0.009831201727903787,304,4.218229791350124,1.72749507857143,no,106895,77174.40000000001,3.1414949324219155,DM,mg_m2_y,0,0,0,76862.40000000001,NA,NA,Zelinka_EtAl_1977_Bityska_Polysaprobity,NA,16.235,49.289,"Bityska brook, Czech Republic. Polysaprobitic site 0.5 km downstream of community pollution source.",1,112,Table 38,503.3465074,435.7598944,0.034390781,1.316357136,20.01428577,58.18382353,60.05147059,4,NA,2120452080,49.12,36.48,7.03,0,0.18,6.97,0.22,176,582,46,790,123,160.7640076,81,379,0.654999971,34,51,263,263,249,249,Zelinka et al. (1977),1977,Zelinka et al. (1977),8.1,0.582,8.180776627914499,2120452080,NA,NA,NA,NA,NA,from posterior of brm_mean_sd_fi model,5.285125292058691,0.32155608821319115,3127.3357101639717,0.45912494452159713,0.40903883139572494,-0.8360054445963709,-0.7997129373265107,-0.47040002671124437,-1.24607887764167,-0.42808393555210694,1.6304573697898683,1.704197657854035,2.019717199857995,1.6164270086589956,1.9461398308244489,-0.392503805563596
305,154.152325755558,119.00156728415179,1.54152325755558e-4,1.1900156728415179e-4,305,2.1879500814802078,-1.4720062545287482,no,1064,732.600489282042,281.3791687997609,DM,mg_m2_y,NA,NA,NA,NA,NA,NA,Zilli_EtAl_2013_Parana_Riverine,NA,-60.652882,-31.725379999999998,Production from riverine sites in Parana floodplain,NA,NA,NA,12.55885922,4119.900082,0.024489351,1.164642862,24.17857143,63.28378378,64.98648649,5,NA,6120874080,0.04,6.19,3.89,0,57.49,0,32.39,252,995,28,6070,156,32.91699982,182,31,19248.77148,9,55,105,62,115,78,Zilli et al. (2013),2013,Zilli et al. (2013),18.2,0.995,19.329596266714397,6120874080,732.600489282042,-1.735602618591409,2.4492919423873256,-1.3837376579562066,0.005336194361176325,from posterior of brm_prop_insects_beta model,0.04929190213079987,0.003892268669304351,3127.3357101639717,0.004569988689564332,0.9664798133357199,-0.2018522580887711,0.07622919513800588,-0.9253452729510444,4.561611016387554,-1.0636652393167503,1.814607433361327,-0.046929355348172934,-0.4647674824880253,0.09007300601765084,-0.2509000649073615,1.5599748310219277
